2018-01-02,7.431040701103168e-18,0,0
2018-01-03,5.12414492847053e-16,1.2665064,0.9887811
2018-01-04,8.579676265130417e-16,0.9887811,1.6106508
2018-01-05,7.065936471902605e-17,1.6106508,1.1671749
2018-01-06,2.9428543937023003e-16,1.6106508,1.1671749
2018-01-07,5.274018e-22,1.6106508,1.1671749
2018-01-08,1.6688376049973162e-16,1.1671749,1.4348654
2018-01-09,3.666193412071756e-16,1.4348654,1.6810027
2018-01-10,8.716798474682344e-17,1.6810027,1.7262042
2018-01-11,3.256398494422387e-16,1.7262042,1.3539526
2018-01-12,5.872479353814934e-16,1.3539526,0.35632938
2018-01-13,9.812958923158948e-16,1.3539526,0.35632938
2018-01-14,2.2456365245112566e-18,1.3539526,0.35632938
2018-01-15,3.9952155702546215e-16,0.35632938,1.1493862
2018-01-16,2.712444466649324e-16,1.1493862,1.3063333
2018-01-17,5.605565984659686e-16,1.3063333,1.1678901
2018-01-18,2.350896506595258e-16,1.1678901,1.5004811
2018-01-19,3.0965867902106314e-16,1.5004811,1.4119365
2018-01-20,2.089167023212336e-15,1.5004811,1.4119365
2018-01-21,2.0134223135333332e-21,1.5004811,1.4119365
2018-01-22,2.462191213750289e-15,1.4119365,1.0892289
2018-01-23,8.756080894899837e-16,1.0892289,1.2254184
2018-01-24,3.8207540348808095e-17,1.2254184,1.2939
2018-01-25,3.816826640208936e-16,1.2939,1.3970484
2018-01-26,1.0521594237254392e-15,1.3970484,1.5003963
2018-01-27,1.8793853333606086e-15,1.3970484,1.5003963
2018-01-28,2.041104e-20,1.3970484,1.5003963
2018-01-29,1.1586689132948842e-15,1.5003963,2.5023184
2018-01-30,6.151919478420751e-16,2.5023184,1.8241832
2018-01-31,2.1765692027494385e-15,1.8241832,1.4944377
2018-02-01,1.48704010898063e-16,1.4944377,1.4466708
2018-02-02,1.3001347146659547e-15,1.4466708,0.9880111
2018-02-03,5.689163411694321e-16,1.4466708,0.9880111
2018-02-04,2.4996792438700003e-20,1.4466708,0.9880111
2018-02-05,7.749921359993839e-16,0.9880111,0.7551949
2018-02-06,4.031200192813323e-16,0.7551949,0.9708415
2018-02-07,6.999237557775991e-16,0.9708415,1.3451579
2018-02-08,3.6013240821631288e-16,1.3451579,0.8205843
2018-02-09,3.727516326124177e-16,0.8205843,2.5576487
2018-02-10,1.4256950128199967e-15,0.8205843,2.5576487
2018-02-11,6.78840649061886e-18,0.8205843,2.5576487
2018-02-12,2.342061939143126e-18,2.5576487,2.1689792
2018-02-13,8.442736851547633e-16,2.1689792,2.5377333
2018-02-14,3.0038637323179623e-16,2.5377333,2.057764
2018-02-15,7.723979835e-16,2.5377333,2.057764
2018-02-19,1.5148628e-23,2.5377333,2.057764
2018-02-20,8.779854763533333e-20,2.5377333,2.057764
2018-02-21,7.646033252584004e-18,2.5377333,2.057764
2018-02-23,9.430216423467774e-16,1.8668344,1.6942999
2018-02-24,3.1595516217111663e-16,1.8668344,1.6942999
2018-02-25,1.2997209334666667e-20,1.8668344,1.6942999
2018-02-26,3.7665733183336625e-15,1.6942999,1.7997396
2018-02-27,7.646277946649853e-17,1.7997396,1.90543
2018-02-28,1.206820071741995e-15,1.90543,1.9257193
2018-03-01,1.9264380410021684e-16,1.9257193,2.0379274
2018-03-02,7.072245488150393e-16,2.0379274,2.3482018
2018-03-03,2.605042190112458e-16,2.0379274,2.3482018
2018-03-04,3.6229343351848675e-18,2.0379274,2.3482018
2018-03-05,1.268781511683189e-15,2.3482018,2.0071828
2018-03-06,1.4613111479957479e-15,2.0071828,1.9459807
2018-03-07,1.7173766544405652e-15,1.9459807,2.1151304
2018-03-08,2.591179010111967e-16,2.1151304,2.0935059
2018-03-09,2.4340197867079655e-16,2.0935059,1.8695405
2018-03-10,1.9562052240324995e-15,2.0935059,1.8695405
2018-03-11,3.5550993e-15,2.0935059,1.8695405
2018-03-12,3.035475415547243e-18,1.8695405,2.143866
2018-03-13,1.5439592498815832e-15,2.143866,2.5482666
2018-03-14,2.1962563411968764e-16,2.5482666,1.9043087
2018-03-15,1.7663938684543298e-16,1.9043087,1.7142684
2018-03-16,2.0754488865223708e-16,1.7142684,1.7990066
2018-03-17,6.62518117225e-15,1.7142684,1.7990066
2018-03-18,2.3245383699999997e-19,1.7142684,1.7990066
2018-03-19,9.121441796846524e-19,1.7990066,1.9348618
2018-03-20,4.900289447671686e-16,1.9348618,1.6958971
2018-03-21,1.3628380065363654e-15,1.6958971,1.7150283
2018-03-22,5.584599329048676e-16,1.7150283,1.8398539
2018-03-23,4.877473528648176e-16,1.8398539,1.9322317
2018-03-24,1.2968714677540387e-15,1.8398539,1.9322317
2018-03-25,1.4169847994999999e-24,1.8398539,1.9322317
2018-03-26,2.42370135455309e-16,1.9322317,1.8656094
2018-03-27,5.326442156016315e-16,1.8656094,2.9566858
2018-03-28,8.092106102385835e-16,2.9566858,2.9724717
2018-03-29,1.1868735195953514e-16,2.9724717,3.250518
2018-03-30,4.8330892900025474e-17,3.250518,3.806822
2018-03-31,2.502061205800293e-16,3.250518,3.806822
2018-04-01,1.1081041492427729e-15,3.250518,3.806822
2018-04-02,1.5488652863247814e-16,3.806822,4.2171383
2018-04-03,2.0060809694835328e-16,4.2171383,4.247232
2018-04-04,5.660802027763307e-17,4.247232,4.142529
2018-04-05,1.1339412301870999e-15,4.247232,4.142529
2018-04-06,7.019346780270651e-19,4.247232,4.142529
2018-04-07,1.285718525e-20,4.247232,4.142529
2018-04-08,1.5029044870488386e-15,4.247232,4.142529
2018-04-09,7.014719314115659e-16,4.142529,3.6595197
2018-04-10,9.583039433900513e-16,3.6595197,3.8298492
2018-04-11,2.7075445347414564e-16,3.8298492,4.0545745
2018-04-12,1.0239578610204197e-16,4.0545745,4.361854
2018-04-13,5.710748134233409e-16,4.361854,4.577273
2018-04-14,2.831377377160363e-16,4.361854,4.577273
2018-04-15,5.67428502888163e-18,4.361854,4.577273
2018-04-16,4.863539851794531e-16,4.577273,4.772137
2018-04-17,7.513385760605884e-17,4.772137,4.853712
2018-04-18,7.355576800900933e-16,4.853712,4.657788
2018-04-19,5.329193453507141e-16,4.657788,4.95808
2018-04-20,4.783136821444247e-16,4.95808,5.4362364
2018-04-21,2.507535071592541e-16,4.95808,5.4362364
2018-04-22,9.29227670653064e-18,4.95808,5.4362364
2018-04-23,4.913401029526228e-16,5.4362364,4.2292304
2018-04-24,2.0895718132237965e-16,4.2292304,4.761024
2018-04-25,8.376192719789514e-16,4.761024,5.015159
2018-04-26,6.476746174387595e-16,5.015159,4.986832
2018-04-27,3.705600550211307e-16,4.986832,5.29217
2018-04-28,2.755206403667029e-16,4.986832,5.29217
2018-04-29,1.868278352265e-19,4.986832,5.29217
2018-04-30,2.282041744275e-20,4.986832,5.29217
2018-05-01,2.7972333039025e-18,4.986832,5.29217
2018-05-02,9.980172055516653e-16,5.29217,4.9104495
2018-05-03,7.43768937821288e-16,4.9104495,4.7410264
2018-05-04,2.5564728698585006e-16,4.7410264,4.2785397
2018-05-05,1.7672094182587732e-15,4.7410264,4.2785397
2018-05-06,3.1639798185e-20,4.7410264,4.2785397
2018-05-07,2.4135559180796427e-17,4.2785397,2.7421923
2018-05-08,8.819802633989396e-16,2.7421923,3.5085032
2018-05-09,4.583327679533017e-17,3.5085032,3.465159
2018-05-10,2.6016918401697454e-17,3.465159,3.6019163
2018-05-11,3.195209071325503e-16,3.6019163,3.3876545
2018-05-12,2.6331294183001558e-15,3.6019163,3.3876545
2018-05-13,4.1937401617499995e-20,3.6019163,3.3876545
2018-05-14,9.074530349945395e-16,3.3876545,3.6780994
2018-05-15,1.056676726319377e-16,3.6780994,3.5340095
2018-05-16,1.5939717978002113e-15,3.5340095,3.9334464
2018-05-17,1.3522054810887488e-16,3.9334464,3.8792832
2018-05-18,3.3586185003442866e-16,3.8792832,3.6145587
2018-05-19,1.1860341207317055e-15,3.8792832,3.6145587
2018-05-20,5.876072189358976e-17,3.8792832,3.6145587
2018-05-21,6.672087286960426e-16,3.6145587,4.0618415
2018-05-22,1.907842642616776e-16,4.0618415,4.287231
2018-05-23,6.742878167866054e-16,4.287231,4.6406503
2018-05-24,1.068477338017393e-15,4.6406503,4.6391263
2018-05-25,1.3477112408141785e-15,4.6391263,4.5793858
2018-05-26,2.387901440004232e-15,4.6391263,4.5793858
2018-05-27,7.804857369930143e-18,4.6391263,4.5793858
2018-05-28,1.478914914921087e-17,4.5793858,4.497824
2018-05-29,7.855310907090684e-16,4.497824,4.913238
2018-05-30,7.062258885288917e-16,4.913238,4.663752
2018-05-31,4.611011079546315e-16,4.663752,4.695124
2018-06-01,6.07485776344405e-16,4.695124,4.149428
2018-06-02,5.428800352783052e-15,4.695124,4.149428
2018-06-03,2.6014893359774747e-16,4.695124,4.149428
2018-06-04,1.5003173021410077e-15,4.149428,3.794343
2018-06-05,6.89806593805995e-16,3.794343,4.1369233
2018-06-06,1.034090441890168e-15,4.1369233,3.6620035
2018-06-07,1.4097657092999861e-15,3.6620035,4.2395515
2018-06-08,1.1466125859781473e-15,4.2395515,4.558799
2018-06-09,2.9716122301349343e-16,4.2395515,4.558799
2018-06-10,6.004346919775618e-20,4.2395515,4.558799
2018-06-11,3.7926838565957823e-16,4.558799,3.937315
2018-06-12,5.721849961684825e-16,3.937315,3.9687932
2018-06-13,1.6107990040341284e-15,3.9687932,3.0880575
2018-06-14,5.218631596172197e-16,3.0880575,3.3770347
2018-06-15,4.1866281579750137e-16,3.3770347,1.8497438
2018-06-16,3.4229297042639997e-15,3.3770347,1.8497438
2018-06-17,5.588211126046e-18,3.3770347,1.8497438
2018-06-18,2.790096753456e-17,3.3770347,1.8497438
2018-06-19,6.716301288781198e-16,1.8497438,3.5267572
2018-06-20,2.9638078948241387e-16,3.5267572,3.9623399
2018-06-21,1.093904862615013e-15,3.9623399,4.3819203
2018-06-22,4.789228461807684e-16,4.3819203,4.541057
2018-06-23,6.349853114034583e-16,4.3819203,4.541057
2018-06-24,3.676399894700554e-18,4.3819203,4.541057
2018-06-25,7.406151831449111e-16,4.541057,5.0338492
2018-06-26,7.209044427016164e-16,5.0338492,5.206121
2018-06-27,6.26400199517982e-16,5.206121,5.5483575
2018-06-28,7.380466530802841e-16,5.5483575,5.4788527
2018-06-29,5.913422580760695e-17,5.4788527,5.729428
2018-06-30,4.3181334122676583e-16,5.4788527,5.729428
2018-07-01,3.919890171016666e-20,5.4788527,5.729428
2018-07-02,6.533865246379209e-16,5.729428,5.9609323
2018-07-03,3.0213662654521914e-16,5.9609323,6.4395146
2018-07-04,1.1252438694241907e-15,6.4395146,6.0354123
2018-07-05,1.254519738637985e-15,6.0354123,5.5934663
2018-07-06,6.910569630934828e-16,5.5934663,5.158746
2018-07-07,1.7295355619232028e-19,5.5934663,5.158746
2018-07-08,5.530464146834999e-20,5.5934663,5.158746
2018-07-09,7.508836800212837e-16,5.158746,5.015042
2018-07-10,2.1203206147270825e-15,5.015042,5.2874093
2018-07-11,4.515621851980055e-16,5.2874093,4.8295064
2018-07-12,3.668823515104285e-17,4.8295064,4.798434
2018-07-13,5.573123499085838e-16,4.798434,4.9783764
2018-07-14,7.443259112929176e-19,4.798434,4.9783764
2018-07-15,3.4090636904333335e-20,4.798434,4.9783764
2018-07-16,3.7247834875386147e-16,4.9783764,5.236758
2018-07-17,1.4179810559436055e-15,5.236758,5.165583
2018-07-18,9.596672769543209e-18,5.165583,5.0468407
2018-07-19,6.289775280998106e-16,5.0468407,4.3976293
2018-07-20,5.494619427262418e-16,4.3976293,3.7033567
2018-07-21,4.818825092642614e-17,4.3976293,3.7033567
2018-07-22,2.7892773536125e-20,4.3976293,3.7033567
2018-07-23,4.140358691866452e-18,3.7033567,3.3663416
2018-07-24,7.915799795957202e-16,3.3663416,4.1677804
2018-07-25,5.257826361458283e-18,4.1677804,4.1733418
2018-07-26,4.000883355175386e-18,4.1733418,4.5457788
2018-07-27,4.932609105889433e-16,4.5457788,4.4986815
2018-07-28,1.9396585584058e-18,4.5457788,4.4986815
2018-07-29,2.163604e-28,4.5457788,4.4986815
2018-07-30,3.0801541525153297e-15,4.4986815,4.3885155
2018-07-31,8.4546963642887875e-19,4.3885155,4.440048
2018-08-01,4.550256863421395e-16,4.440048,5.042936
2018-08-02,9.24884168113767e-18,5.042936,5.321324
2018-08-03,1.3047011050917747e-18,5.321324,5.063223
2018-08-04,1.1432437811550575e-17,5.321324,5.063223
2018-08-05,1.7815107e-14,5.321324,5.063223
2018-08-06,9.827664835867806e-18,5.063223,4.8068433
2018-08-07,5.940553384852132e-18,4.8068433,5.0100923
2018-08-08,4.074875322687672e-18,5.0100923,4.6656675
2018-08-09,5.9185123199692555e-18,4.6656675,4.591143
2018-08-10,5.097541557311192e-18,4.591143,4.683554
2018-08-11,3.982658059880134e-15,4.591143,4.683554
2018-08-13,6.180657493619032e-17,4.683554,4.769009
2018-08-14,6.913881222047745e-19,4.769009,4.965389
2018-08-15,3.62696053531498e-16,4.965389,5.2115726
2018-08-16,1.2697915865352847e-17,5.2115726,4.805652
2018-08-17,2.271952911098278e-18,4.805652,4.571752
2018-08-18,3.2608072367500004e-17,4.805652,4.571752
2018-08-19,1.29861945e-19,4.805652,4.571752
2018-08-20,3.462606648820358e-18,4.571752,4.164387
2018-08-21,2.0582994008068225e-16,4.164387,4.3934135
2018-08-22,1.6180247401118407e-15,4.3934135,4.462402
2018-08-23,4.1172379209739736e-16,4.462402,4.467165
2018-08-24,9.15953040219686e-16,4.467165,3.771129
2018-08-25,1.1108427176788143e-15,4.467165,3.771129
2018-08-26,5.68638485340857e-18,4.467165,3.771129
2018-08-27,5.673469012290489e-16,3.771129,4.060221
2018-08-28,5.741972340389532e-16,4.060221,4.61291
2018-08-29,3.96593675253805e-16,4.61291,4.8493237
2018-08-30,2.1845961310466567e-15,4.8493237,4.7877746
2018-08-31,7.384477236964232e-16,4.7877746,4.767713
2018-09-01,1.835413548082479e-15,4.7877746,4.767713
2018-09-02,3.1686003852625e-21,4.7877746,4.767713
2018-09-03,5.93985156299361e-19,4.767713,4.412293
2018-09-04,1.3899303187973098e-15,4.412293,4.6794934
2018-09-05,2.480977008541758e-15,4.6794934,5.0830727
2018-09-06,1.0606936551902302e-16,5.0830727,4.936729
2018-09-07,2.1773855934782057e-15,4.936729,5.111073
2018-09-08,1.0377321031113154e-15,4.936729,5.111073
2018-09-09,3.531340892559667e-18,4.936729,5.111073
2018-09-10,1.7384339633514478e-15,5.111073,5.3449216
2018-09-11,1.9503507084765223e-16,5.3449216,5.6206517
2018-09-12,4.4099194212943544e-16,5.6206517,5.300199
2018-09-13,2.7898710366015727e-16,5.300199,5.190477
2018-09-14,2.7169808810397716e-16,5.190477,5.2412233
2018-09-15,5.836599838514801e-16,5.190477,5.2412233
2018-09-16,8.010648186479251e-15,5.190477,5.2412233
2018-09-17,1.0113610711057504e-15,5.2412233,4.9700007
2018-09-18,2.4029664853886315e-16,4.9700007,4.466059
2018-09-19,9.8050823457341e-16,4.466059,4.715117
2018-09-20,1.5736670596956728e-15,4.715117,4.019276
2018-09-21,8.749777895654455e-16,4.019276,4.2000613
2018-09-22,1.6578737076348423e-15,4.019276,4.2000613
2018-09-23,2.3560976084052283e-19,4.019276,4.2000613
2018-09-24,1.0955679900000001e-18,4.019276,4.2000613
2018-09-25,9.57265792936511e-19,4.2000613,3.604237
2018-09-26,7.404004314349643e-17,3.604237,3.7933109
2018-09-27,7.43531214913832e-16,3.7933109,3.5813928
2018-09-28,1.1449508399058481e-15,3.5813928,4.0552926
2018-09-29,4.98620902693717e-15,3.5813928,4.0552926
2018-09-30,1.6999586380000001e-19,3.5813928,4.0552926
2018-10-01,2.2528607242991775e-23,3.5813928,4.0552926
2018-10-03,4.9437615e-28,3.5813928,4.0552926
2018-10-04,3.7446836e-19,3.5813928,4.0552926
2018-10-05,7.561515960056667e-18,3.5813928,4.0552926
2018-10-06,3.4820223e-20,3.5813928,4.0552926
2018-10-07,3.9316695e-23,3.5813928,4.0552926
2018-10-08,1.3848759504440812e-15,4.0552926,4.3881035
2018-10-09,1.3561858173083798e-15,4.3881035,4.452993
2018-10-10,9.608383356908248e-16,4.452993,4.774711
2018-10-11,1.1014654961469729e-16,4.774711,4.457438
2018-10-12,3.5357266855640437e-16,4.457438,4.5182185
2018-10-13,2.519969708126966e-16,4.457438,4.5182185
2018-10-14,4.5195313967900005e-22,4.457438,4.5182185
2018-10-15,5.881066776984984e-18,4.5182185,4.374728
2018-10-16,1.901943119459021e-16,4.374728,4.3265815
2018-10-17,2.267081310019418e-16,4.3265815,4.8303566
2018-10-18,7.162464123125269e-16,4.8303566,4.1509185
2018-10-19,2.964438382082595e-16,4.1509185,2.7402666
2018-10-20,2.232112436424752e-15,4.1509185,2.7402666
2018-10-21,5.536218687154862e-20,4.1509185,2.7402666
2018-10-22,7.632717610844204e-16,2.7402666,3.3044162
2018-10-23,1.1822701302138771e-15,3.3044162,3.2716784
2018-10-24,3.396102022313718e-16,3.2716784,3.2380438
2018-10-25,1.7441602095206305e-16,3.2380438,3.060586
2018-10-26,3.2437636795522005e-16,3.060586,3.7641547
2018-10-27,2.5231913900577753e-16,3.060586,3.7641547
2018-10-28,1.105183654339793e-18,3.060586,3.7641547
2018-10-29,8.677770151583236e-16,3.7641547,4.4030857
2018-10-30,5.3979465917320354e-17,4.4030857,4.4101114
2018-10-31,1.8354177019829572e-16,4.4101114,4.1717496
2018-11-01,1.5050446987666255e-15,4.1717496,3.3605452
2018-11-02,1.6139812725012179e-16,3.3605452,3.7481112
2018-11-03,1.4742548467573332e-15,3.3605452,3.7481112
2018-11-04,2.5234763755237464e-15,3.3605452,3.7481112
2018-11-05,1.6117775047762747e-15,3.7481112,4.136787
2018-11-06,5.838696279931918e-16,4.136787,4.231974
2018-11-07,4.012787700218541e-16,4.231974,4.3203015
2018-11-08,7.801556102071611e-16,4.3203015,4.5042653
2018-11-09,8.469395836954885e-16,4.5042653,4.2258067
2018-11-10,9.603338721762821e-16,4.5042653,4.2258067
2018-11-11,2.0519067252285808e-15,4.5042653,4.2258067
2018-11-12,8.625076600964218e-16,4.2258067,4.8549657
2018-11-13,9.529123203681467e-16,4.8549657,4.8197246
2018-11-14,1.2624153400503506e-15,4.8197246,4.8500366
2018-11-15,6.468471510981555e-16,4.8500366,4.670751
2018-11-16,4.412043716693259e-16,4.670751,4.7202034
2018-11-17,8.136692542787281e-16,4.670751,4.7202034
2018-11-18,1.51798437455352e-18,4.670751,4.7202034
2018-11-19,1.5175987807655364e-17,4.7202034,4.9563284
2018-11-20,2.9478684134184883e-16,4.9563284,5.3415484
2018-11-21,2.4589161623858355e-16,5.3415484,5.2906823
2018-11-22,4.100836168271291e-16,5.2906823,5.556459
2018-11-23,1.1074573822026562e-16,5.556459,5.6529093
2018-11-24,1.5931566424702458e-15,5.556459,5.6529093
2018-11-25,4.285802117333179e-20,5.556459,5.6529093
2018-11-26,1.9638531897244173e-17,5.6529093,5.688762
2018-11-27,8.514363076054339e-16,5.688762,5.6139193
2018-11-28,3.110802517595741e-16,5.6139193,5.5270886
2018-11-29,2.4062065762697015e-16,5.5270886,5.6912694
2018-11-30,5.991385454338905e-16,5.6912694,4.8841243
2018-12-01,6.344747523327401e-16,5.6912694,4.8841243
2018-12-02,4.910935219194876e-18,5.6912694,4.8841243
2018-12-03,4.4565833728712404e-18,4.8841243,5.2051387
2018-12-04,5.454590253488233e-17,5.2051387,5.5139623
2018-12-05,1.3779563373238117e-16,5.5139623,5.7611156
2018-12-06,1.2724868599479522e-15,5.7611156,5.9229445
2018-12-07,1.019007510421378e-16,5.9229445,6.121638
2018-12-08,1.4349033556695158e-15,5.9229445,6.121638
2018-12-09,4.470559408333333e-21,5.9229445,6.121638
2018-12-10,4.381945571443698e-17,6.121638,6.5827327
2018-12-11,1.1466209410311097e-16,6.5827327,6.12332
2018-12-12,7.408834773575076e-17,6.12332,5.85848
2018-12-13,4.025076720694783e-16,5.85848,5.9999003
2018-12-14,2.3954842890228073e-16,5.9999003,6.1700597
2018-12-15,5.017551405913967e-16,5.9999003,6.1700597
2018-12-16,7.055524646499999e-22,5.9999003,6.1700597
2018-12-17,7.588014908454743e-18,6.1700597,6.3070865
2018-12-18,1.6569780690670687e-16,6.3070865,6.277805
2018-12-19,1.2221386073462478e-16,6.277805,6.6453505
2018-12-20,9.691665330632596e-17,6.6453505,7.215324
2018-12-21,7.139724794764532e-16,7.215324,7.69539
2018-12-22,3.981717149177159e-16,7.215324,7.69539
2018-12-23,1.4784467e-21,7.215324,7.69539
2018-12-24,1.3222716922510285e-17,7.69539,7.55057
2018-12-25,6.413312848491306e-16,7.55057,8.033358
2018-12-26,5.941511420673531e-16,8.033358,7.850545
2018-12-27,2.1391972562292316e-16,7.850545,7.901959
2018-12-28,2.373667605571123e-16,7.901959,7.8188734
2018-12-29,4.857190957285267e-16,7.901959,7.8188734
2018-12-30,3.692214e-27,7.901959,7.8188734
2018-12-31,8.547513706666665e-20,7.901959,7.8188734
2019-01-02,2.021582395978636e-17,7.8188734,8.502715
2019-01-03,7.583264769213604e-16,8.502715,7.28308
2019-01-04,4.2892653094306756e-19,7.28308,7.011836
2019-01-05,3.7906876e-20,7.28308,7.011836
2019-01-06,1.4704885e-20,7.28308,7.011836
2019-01-07,1.1285182821289999e-15,7.011836,8.35039
2019-01-08,7.570882087120688e-16,8.35039,7.2539907
2019-01-09,9.257651686838183e-16,7.2539907,7.953144
2019-01-10,8.381403904307783e-18,7.953144,8.114607
2019-01-11,9.541477418848126e-18,8.114607,8.749999
2019-01-12,1.3604625950008919e-17,8.114607,8.749999
2019-01-14,3.3330350336039636e-16,8.749999,7.1160617
2019-01-15,1.1770364017909159e-17,7.1160617,7.0682607
2019-01-16,3.9319157399148725e-19,7.0682607,6.693558
2019-01-17,1.838554776006364e-19,6.693558,6.2807536
2019-01-18,2.8775682596602397e-18,6.2807536,6.4911046
2019-01-19,2.4935696666742767e-18,6.2807536,6.4911046
2019-01-20,2.505189e-25,6.2807536,6.4911046
2019-01-21,1.7790447531633835e-19,6.4911046,6.8134985
2019-01-22,1.2046136674484702e-15,6.8134985,6.8210664
2019-01-23,7.990784267992302e-16,6.8210664,6.679749
2019-01-24,1.071526154010171e-15,6.679749,6.281401
2019-01-25,4.76864678391868e-16,6.281401,6.4310365
2019-01-26,2.6962191126005668e-15,6.281401,6.4310365
2019-01-28,1.4132795218060283e-15,6.4310365,6.4709363
2019-01-29,1.1625105244272812e-15,6.4709363,6.6612153
2019-01-30,2.7652697174537396e-16,6.6612153,6.087272
2019-01-31,3.632162418133334e-16,6.087272,5.950696
2019-02-01,1.4088633682455794e-15,5.950696,6.0097146
2019-02-02,3.866810625799188e-16,5.950696,6.0097146
2019-02-03,4.314586575e-16,5.950696,6.0097146
2019-02-04,8.338015e-18,5.950696,6.0097146
2019-02-07,4.7352047e-19,5.950696,6.0097146
2019-02-09,9.111627694963731e-15,5.950696,6.0097146
2019-02-10,6.762129500000001e-23,5.950696,6.0097146
2019-02-11,1.59242973895e-17,6.0097146,5.8001266
2019-02-12,2.8169975313762904e-15,5.8001266,5.36767
2019-02-13,3.543077292284433e-16,5.36767,5.4088273
2019-02-14,1.184805779358492e-15,5.4088273,5.767246
2019-02-15,6.419700503456412e-16,5.767246,5.601868
2019-02-16,2.5690702290162894e-15,5.767246,5.601868
2019-02-17,1.1251834132941548e-15,5.767246,5.601868
2019-02-18,1.4073573106492852e-17,5.601868,5.001387
2019-02-19,4.754275059001968e-16,5.001387,4.6853385
2019-02-20,2.1342431558392651e-16,4.6853385,4.804116
2019-02-21,1.5682661870598437e-15,4.804116,4.672073
2019-02-22,1.0155479483931758e-15,4.672073,2.1889408
2019-02-23,1.2682968638752298e-15,4.672073,2.1889408
2019-02-24,2.46565657975e-16,4.672073,2.1889408
2019-02-25,1.4018518206488913e-18,2.1889408,2.6592743
2019-02-26,5.606998025123046e-16,2.6592743,3.252234
2019-02-27,8.112931175342846e-16,3.252234,3.891193
2019-02-28,1.2066935481458625e-16,3.891193,3.5509872
2019-03-01,3.0371881973701414e-16,3.5509872,2.3107858
2019-03-02,2.0894533727531043e-15,3.5509872,2.3107858
2019-03-03,5.82759431735e-26,3.5509872,2.3107858
2019-03-04,7.786388156297154e-16,2.3107858,3.6157258
2019-03-05,9.701484179117786e-17,3.6157258,3.2428179
2019-03-06,8.11011856969276e-17,3.2428179,3.6951637
2019-03-07,7.443557474048174e-17,3.6951637,4.1727333
2019-03-08,4.1565910341913634e-17,4.1727333,4.723464
2019-03-09,1.2179336485672572e-15,4.1727333,4.723464
2019-03-10,3.620219435627e-18,4.1727333,4.723464
2019-03-11,4.0585818081922484e-16,4.723464,4.5041814
2019-03-12,4.668805313850787e-17,4.5041814,4.6890388
2019-03-13,1.670661054656016e-16,4.6890388,4.8446274
2019-03-14,1.4649446552401695e-16,4.8446274,4.662476
2019-03-15,6.13298511890029e-17,4.662476,4.1176095
2019-03-16,8.620824134513152e-16,4.662476,4.1176095
2019-03-17,5.137022009589072e-19,4.662476,4.1176095
2019-03-18,2.0466071191088313e-17,4.1176095,4.340526
2019-03-19,4.5474661698886545e-17,4.340526,4.6715646
2019-03-20,4.3149465328054316e-17,4.6715646,3.7310462
2019-03-21,1.3165434273888149e-15,3.7310462,4.4672265
2019-03-22,4.504386600309441e-17,4.4672265,3.36661
2019-03-23,1.5024347164220638e-16,4.4672265,3.36661
2019-03-24,3.537024268331552e-18,4.4672265,3.36661
2019-03-25,3.3416704470083777e-16,3.36661,4.704083
2019-03-26,2.1978602697972224e-16,4.704083,4.1583233
2019-03-27,6.356455849639525e-16,4.1583233,4.8975787
2019-03-28,5.843387291662573e-16,4.8975787,3.5106437
2019-03-29,3.3049688244954585e-16,3.5106437,2.9276352
2019-03-30,2.0132718515717526e-15,3.5106437,2.9276352
2019-03-31,3.8958609116703246e-20,3.5106437,2.9276352
2019-04-01,6.473259104017127e-16,2.9276352,3.7051485
2019-04-02,4.84045094781301e-16,3.7051485,3.7217212
2019-04-03,2.116735800458988e-16,3.7217212,3.2649298
2019-04-04,9.70925597914283e-16,3.2649298,2.5340068
2019-04-05,1.0953522030071586e-15,3.2649298,2.5340068
2019-04-06,1.6216594825000002e-22,3.2649298,2.5340068
2019-04-07,6.7975969263736995e-18,3.2649298,2.5340068
2019-04-08,5.667657536223186e-16,2.5340068,3.5655863
2019-04-09,1.5344079245497575e-16,3.5655863,3.5666838
2019-04-10,1.0604852214179606e-15,3.5666838,3.7158074
2019-04-11,1.2354179033165837e-15,3.7158074,4.1278143
2019-04-12,7.094823408441908e-16,4.1278143,2.17933
2019-04-13,6.884141061651833e-16,4.1278143,2.17933
2019-04-14,1.3961848454999998e-19,4.1278143,2.17933
2019-04-15,3.3339437282369495e-16,2.17933,2.049069
2019-04-16,8.645217525064244e-16,2.049069,2.437646
2019-04-17,7.325723177100785e-16,2.437646,2.680897
2019-04-18,2.377203661932652e-16,2.680897,1.9426974
2019-04-19,7.67935199318207e-17,1.9426974,2.2629154
2019-04-20,1.6217658797317499e-15,1.9426974,2.2629154
2019-04-21,3.175476739971759e-15,1.9426974,2.2629154
2019-04-22,4.403870298250516e-16,2.2629154,2.6716766
2019-04-23,1.4107095613089089e-15,2.6716766,2.8582554
2019-04-24,9.565326375699202e-17,2.8582554,3.300088
2019-04-25,1.3430114405251824e-15,3.300088,3.2631137
2019-04-26,6.05201736795087e-16,3.2631137,3.4854321
2019-04-27,3.945375514425e-16,3.2631137,3.4854321
2019-04-28,2.778832331113541e-15,3.2631137,3.4854321
2019-04-29,4.9004701750745526e-17,3.4854321,3.5822299
2019-04-30,9.29652793660272e-17,3.5822299,4.212533
2019-05-01,1.5843548100113804e-16,3.5822299,4.212533
2019-05-02,1.71807565e-24,3.5822299,4.212533
2019-05-05,5.0351467e-17,3.5822299,4.212533
2019-05-06,1.1171493384632866e-18,4.212533,4.6180835
