date,code,open,close,high,low,volume,amount,turn
2016-08-02,sh.600919,7.5200,9.0300,9.0300,7.5200,10669472,95460009.0000,0.924204
2016-08-03,sh.600919,9.9300,9.9300,9.9300,9.9300,8027031,79708418.0000,0.695312
2016-08-04,sh.600919,10.9200,10.9200,10.9200,10.9200,5476072,59798706.0000,0.474345
2016-08-05,sh.600919,12.0100,12.0100,12.0100,11.2000,546961360,6432869120.0000,47.378523
2016-08-08,sh.600919,11.8000,11.4600,11.8000,11.2800,406454800,4670736640.0000,35.207657
2016-08-09,sh.600919,11.4400,12.1900,12.4900,11.3800,472799680,5584560384.0000,40.954539
2016-08-10,sh.600919,12.0000,12.6800,13.1700,11.8700,438180640,5435933952.0000,37.955792
2016-08-11,sh.600919,12.5000,12.3900,13.2600,12.3200,363428336,4626589440.0000,31.480648
2016-08-12,sh.600919,12.3900,13.5300,13.6000,12.2500,404534784,5222662400.0000,35.041343
2016-08-15,sh.600919,13.5000,14.3600,14.8400,13.3500,454638704,6350872832.0000,39.381411
2016-08-16,sh.600919,14.1500,14.2600,14.3400,14.0000,311120768,4400520192.0000,26.949696
2016-08-17,sh.600919,14.1800,13.7100,14.1800,13.4000,304565056,4193537536.0000,26.381832
2016-08-18,sh.600919,13.6000,13.6600,13.9200,13.5200,207118102,2833380112.0000,17.940846
2016-08-19,sh.600919,13.6800,13.2400,13.7200,13.1600,203124248,2705956176.0000,17.594893
2016-08-22,sh.600919,13.1600,13.0300,13.2200,12.8100,160268687,2085723888.0000,13.882688
2016-08-23,sh.600919,12.9300,13.1400,13.2000,12.8700,155211341,2023571680.0000,13.444614
2016-08-24,sh.600919,13.0800,12.6800,13.1900,12.6500,172279510,2219006080.0000,14.923081
2016-08-25,sh.600919,12.4700,12.3700,12.4800,12.1800,142575046,1759943808.0000,12.350041
2016-08-26,sh.600919,12.3800,12.1200,12.4200,12.1000,117462894,1441192704.0000,10.174793
2016-08-29,sh.600919,12.0800,12.1800,12.2700,12.0300,74814949,909968176.0000,6.480571
2016-08-30,sh.600919,12.2300,12.2000,12.3200,12.0700,82642452,1007218688.0000,7.158600
2016-08-31,sh.600919,12.2300,12.3800,12.6500,12.0900,182303698,2258230784.0000,15.791390
2016-09-01,sh.600919,12.3000,12.0100,12.3300,11.9900,121815942,1479903536.0000,10.551860
2016-09-02,sh.600919,11.9000,11.8100,11.9800,11.7400,94385429,1119917952.0000,8.175792
2016-09-05,sh.600919,11.8500,11.5900,11.8700,11.5400,85299604,998122816.0000,7.388766
2016-09-06,sh.600919,11.5600,11.7400,11.8000,11.5500,78703552,919672880.0000,6.817407
2016-09-07,sh.600919,11.7000,11.6400,11.8000,11.6200,71630418,836543040.0000,6.204722
2016-09-08,sh.600919,11.6300,11.6500,11.7100,11.5700,53348389,620784608.0000,4.621109
2016-09-09,sh.600919,11.6400,11.4200,11.6500,11.4000,71755957,826884640.0000,6.215597
2016-09-12,sh.600919,11.2100,10.9100,11.2100,10.8900,95564948,1056022768.0000,8.277963
2016-09-13,sh.600919,10.9900,11.0500,11.1900,10.9200,73547558,813754976.0000,6.370788
2016-09-14,sh.600919,10.9700,10.8900,11.0000,10.8400,45410696,496161744.0000,3.933535
2016-09-19,sh.600919,10.8900,11.0000,11.0800,10.8900,41785604,459940464.0000,3.619525
2016-09-20,sh.600919,10.9800,11.0100,11.1500,10.9100,48991566,540216208.0000,4.243715
2016-09-21,sh.600919,10.9800,10.9600,11.0000,10.9200,37005142,405393328.0000,3.205435
2016-09-22,sh.600919,11.0100,10.9300,11.0500,10.9100,49921035,548007328.0000,4.324227
2016-09-23,sh.600919,10.9400,10.6600,10.9500,10.6500,67581311,728752080.0000,5.853983
2016-09-26,sh.600919,10.6000,10.1300,10.6100,10.1100,89184045,921770896.0000,7.725241
2016-09-27,sh.600919,10.0700,10.1800,10.2000,10.0200,52628406,531108032.0000,4.558743
2016-09-28,sh.600919,10.1400,10.0400,10.1500,10.0100,39769025,400129888.0000,3.444846
2016-09-29,sh.600919,10.0700,10.0500,10.1300,10.0300,36372408,366748752.0000,3.150627
2016-09-30,sh.600919,10.0100,10.0000,10.0400,9.9600,36491161,364655264.0000,3.160913
2016-10-10,sh.600919,10.0300,10.1700,10.1900,9.9800,54551111,550969216.0000,4.725290
2016-10-11,sh.600919,10.1800,10.1900,10.2600,10.1400,47824623,487355760.0000,4.142633
2016-10-12,sh.600919,10.1700,10.1300,10.2000,10.0900,37183583,376967488.0000,3.220892
2016-10-13,sh.600919,10.1500,10.0700,10.1700,10.0600,37858756,382248352.0000,3.279376
2016-10-14,sh.600919,10.0700,10.2000,10.2200,10.0400,67057142,680865504.0000,5.808579
2016-10-17,sh.600919,10.2000,10.0200,10.2000,10.0000,52320604,527692576.0000,4.532081
2016-10-18,sh.600919,10.0000,10.1700,10.1800,9.9800,60073825,606177760.0000,5.203675
2016-10-19,sh.600919,10.1800,10.1200,10.1800,10.0600,42983896,434918880.0000,3.723322
2016-10-20,sh.600919,10.1100,10.0800,10.1300,10.0200,35207240,354867264.0000,3.049698
2016-10-21,sh.600919,10.0600,10.1300,10.1800,10.0300,46773022,472528176.0000,4.051542
2016-10-24,sh.600919,10.1500,10.4300,10.5700,10.0900,161045570,1668948928.0000,13.949982
2016-10-25,sh.600919,10.3800,10.4000,10.4500,10.3300,66835526,694393376.0000,5.789382
2016-10-26,sh.600919,10.3900,10.2500,10.3900,10.1900,69383367,712505024.0000,6.010080
2016-10-27,sh.600919,10.2500,10.1900,10.2600,10.1600,36527965,372323904.0000,3.164101
2016-10-28,sh.600919,10.1900,10.3500,10.7400,10.1900,121145117,1268743600.0000,10.493752
2016-10-31,sh.600919,10.3000,10.3900,10.4500,10.1900,69441874,715647296.0000,6.015148
2016-11-01,sh.600919,10.3300,10.3800,10.4300,10.2600,47863900,495604928.0000,4.146035
2016-11-02,sh.600919,10.3400,10.2000,10.3600,10.1900,58464176,599431040.0000,5.064245
2016-11-03,sh.600919,10.1600,10.2100,10.2800,10.1300,49284460,502718272.0000,4.269086
2016-11-04,sh.600919,10.2000,10.1500,10.2400,10.1300,42858315,435913376.0000,3.712444
2016-11-07,sh.600919,10.1500,10.1300,10.1700,10.0900,32235449,326258864.0000,2.792278
2016-11-08,sh.600919,10.1600,10.3700,10.5500,10.1200,90244743,929521648.0000,7.817120
2016-11-09,sh.600919,10.3200,10.1600,10.3500,10.1100,73764691,753521808.0000,6.389596
2016-11-10,sh.600919,10.2200,10.4400,10.5500,10.2100,128701660,1341446464.0000,11.148310
2016-11-11,sh.600919,10.4600,10.5300,10.6200,10.3600,119255648,1250790048.0000,10.330083
2016-11-14,sh.600919,10.4600,10.7200,10.8400,10.4300,145296606,1550964848.0000,12.585786
2016-11-15,sh.600919,10.6300,10.6000,10.6900,10.5300,63536739,673058720.0000,5.503637
2016-11-16,sh.600919,10.6000,10.5400,10.6500,10.5200,44556653,471026240.0000,3.859557
2016-11-17,sh.600919,10.5000,10.5100,10.5400,10.4200,42018325,440289568.0000,3.639683
2016-11-18,sh.600919,10.4900,10.3900,10.5100,10.3700,44401942,463404432.0000,3.846155
2016-11-21,sh.600919,10.3800,10.4400,10.5300,10.3600,51643013,540491712.0000,4.473387
2016-11-22,sh.600919,10.4600,10.5900,10.6000,10.4400,74873185,787959200.0000,6.485615
2016-11-23,sh.600919,10.6100,10.7500,10.9900,10.5600,176620108,1910721888.0000,15.299070
2016-11-24,sh.600919,10.7000,11.1100,11.1600,10.6700,169029799,1853149280.0000,14.641587
2016-11-25,sh.600919,11.0900,11.1200,11.2700,10.9200,98955674,1098397024.0000,8.571673
2016-11-28,sh.600919,11.2100,11.3400,11.5500,11.2100,141163787,1612827376.0000,12.227796
2016-11-29,sh.600919,11.2400,11.0300,11.3200,11.0000,85901845,958847264.0000,7.440932
2016-11-30,sh.600919,10.9800,10.7800,11.0000,10.6800,77095218,833574896.0000,6.678091
2016-12-01,sh.600919,10.7700,10.8500,10.9500,10.7700,42935065,466336480.0000,3.719093
2016-12-02,sh.600919,10.8700,10.6900,10.8700,10.6500,37644954,403724096.0000,3.260856
2016-12-05,sh.600919,10.5700,10.5200,10.6300,10.4600,45563668,479550384.0000,3.946786
2016-12-06,sh.600919,10.5400,10.5500,10.6000,10.4900,33702506,355296880.0000,2.919356
2016-12-07,sh.600919,10.5400,10.6000,10.6000,10.4100,36347036,381604048.0000,3.148429
2016-12-08,sh.600919,10.6000,10.7800,10.8900,10.5600,63504964,683347296.0000,5.500885
2016-12-09,sh.600919,10.7300,10.9100,11.1500,10.6700,87286338,959415024.0000,7.560859
2016-12-12,sh.600919,10.8700,10.6600,11.1600,10.6400,85452543,929952912.0000,7.402013
2016-12-13,sh.600919,10.6000,10.6200,10.7200,10.4700,42747433,451949088.0000,3.702840
2016-12-14,sh.600919,10.5800,10.7000,10.8200,10.5000,51898527,555132736.0000,4.495520
2016-12-15,sh.600919,10.6500,10.4800,10.7700,10.4100,56370612,592943568.0000,4.882898
2016-12-16,sh.600919,10.4100,10.3500,10.4700,10.3000,40244993,417072928.0000,3.486075
2016-12-19,sh.600919,10.3100,10.0900,10.3400,9.9900,60841123,616231504.0000,5.270139
2016-12-20,sh.600919,10.1000,9.9900,10.1000,9.9500,51273482,512335296.0000,4.441377
2016-12-21,sh.600919,10.0100,10.1000,10.1300,10.0100,27820357,280273872.0000,2.409836
2016-12-22,sh.600919,10.1000,10.0400,10.1000,9.9800,22238994,222956648.0000,1.926371
2016-12-23,sh.600919,10.0400,9.8200,10.0400,9.8000,39504573,391788560.0000,3.421939
2016-12-26,sh.600919,9.8000,9.7500,9.8000,9.5000,46386427,445752912.0000,4.018054
2016-12-27,sh.600919,9.7200,9.6000,9.7500,9.5900,38490690,371258464.0000,3.334115
2016-12-28,sh.600919,9.6100,9.5800,9.6400,9.5500,18001298,172746346.0000,1.559296
2016-12-29,sh.600919,9.5900,9.6100,9.6900,9.5500,25219403,242686023.0000,2.184538
2016-12-30,sh.600919,9.6100,9.6300,9.6600,9.6000,18605704,179001651.0000,1.611651
2017-01-03,sh.600919,9.6400,9.7500,9.7600,9.6400,29371660,285633456.0000,2.544212
2017-01-04,sh.600919,9.7500,9.8000,9.8200,9.6900,27038555,263747423.0000,2.342116
2017-01-05,sh.600919,9.8000,9.7400,9.8000,9.7300,19594591,191106228.0000,1.697310
2017-01-06,sh.600919,9.7300,9.6300,9.7400,9.6200,21413300,206689902.0000,1.854849
2017-01-09,sh.600919,9.6300,9.6600,9.6800,9.6100,12973059,125087157.0000,1.123744
2017-01-10,sh.600919,9.6500,9.6200,9.6600,9.6000,15097476,145255852.0000,1.307764
2017-01-11,sh.600919,9.6100,9.5100,9.6300,9.5000,21686017,207022220.0000,1.878472
2017-01-12,sh.600919,9.5000,9.2700,9.5100,9.2300,37217711,348666432.0000,3.223848
2017-01-13,sh.600919,9.2400,9.3500,9.4400,9.0700,50446786,464983456.0000,4.369768
2017-01-16,sh.600919,9.2800,9.5000,9.5400,9.1000,86962104,814682432.0000,7.532774
2017-01-17,sh.600919,9.4000,9.4400,9.5000,9.3600,22496763,212040079.0000,1.948700
2017-01-18,sh.600919,9.4200,9.3400,9.4400,9.3300,19268497,180686047.0000,1.669063
2017-01-19,sh.600919,9.3500,9.3400,9.4000,9.3200,16276999,152312666.0000,1.409935
2017-01-20,sh.600919,9.3100,9.4500,9.4900,9.3000,21980834,207100707.0000,1.904009
2017-01-23,sh.600919,9.4300,9.4700,9.5300,9.4300,17571809,166651862.0000,1.522094
2017-01-24,sh.600919,9.4700,9.4200,9.4800,9.3900,11552591,108910377.0000,1.000701
2017-01-25,sh.600919,9.3900,9.4700,9.4900,9.3600,12155701,115009820.0000,1.052943
2017-01-26,sh.600919,9.4700,9.5900,9.6000,9.4700,24032355,229962822.0000,2.081715
2017-02-03,sh.600919,9.5800,9.5400,9.5900,9.5200,10888740,103926455.0000,0.943197
2017-02-06,sh.600919,9.5500,9.6000,9.6000,9.5100,14605696,139771912.0000,1.265165
2017-02-07,sh.600919,9.5700,9.5100,9.6000,9.4800,14815944,141161160.0000,1.283377
2017-02-08,sh.600919,9.4900,9.5900,9.5900,9.4000,23322988,221228501.0000,2.020268
2017-02-09,sh.600919,9.5500,9.6100,9.6500,9.5300,24013461,230586901.0000,2.080078
2017-02-10,sh.600919,9.6000,9.7800,9.8800,9.6000,58040151,569009424.0000,5.027515
2017-02-13,sh.600919,9.8800,10.0100,10.3600,9.8100,102703571,1034218624.0000,8.896320
2017-02-14,sh.600919,10.0400,9.8900,10.0600,9.8100,44471718,440705664.0000,3.852200
2017-02-15,sh.600919,9.9000,10.1000,10.3000,9.8800,106638834,1083650400.0000,9.237198
2017-02-16,sh.600919,10.0700,10.2600,10.3500,10.0000,80408382,819952384.0000,6.965081
2017-02-17,sh.600919,10.1900,9.9700,10.2900,9.9500,68520125,692343520.0000,5.935305
2017-02-20,sh.600919,9.9300,10.5900,10.7000,9.9100,168551537,1750422800.0000,14.600159
2017-02-21,sh.600919,10.5500,10.3700,10.6400,10.3100,95480099,993314304.0000,8.270614
2017-02-22,sh.600919,10.3300,10.2300,10.3300,10.1400,63435834,647527728.0000,5.494897
2017-02-23,sh.600919,10.2200,10.2600,10.3300,10.1500,42232299,432606608.0000,3.658218
2017-02-24,sh.600919,10.2400,10.1700,10.2500,10.0600,55261314,559998944.0000,4.786809
2017-02-27,sh.600919,10.1500,10.0500,10.1800,10.0400,36852246,371861568.0000,3.192191
2017-02-28,sh.600919,10.0600,10.4000,10.5400,10.0600,121869560,1262548784.0000,10.556504
2017-03-01,sh.600919,10.3500,10.2400,10.4700,10.2300,75203284,777635968.0000,6.514209
2017-03-02,sh.600919,10.3000,10.4100,10.5700,10.2700,112637947,1175767056.0000,9.756849
2017-03-03,sh.600919,10.3300,10.1800,10.3600,10.1600,61819603,632654576.0000,5.354897
2017-03-06,sh.600919,10.1600,10.2100,10.3000,10.1100,41613606,424333824.0000,3.604626
2017-03-07,sh.600919,10.1800,10.3300,10.3400,10.1500,53592546,550405808.0000,4.642258
2017-03-08,sh.600919,10.3000,10.2400,10.3700,10.2000,47892495,492120928.0000,4.148512
2017-03-09,sh.600919,10.2100,10.1000,10.2500,10.0500,52859718,535217104.0000,4.578779
2017-03-10,sh.600919,10.1000,10.0000,10.1400,9.9800,44949577,451135152.0000,3.893592
2017-03-13,sh.600919,9.9900,10.0400,10.0500,9.9100,30641854,305591472.0000,2.654238
2017-03-14,sh.600919,10.0300,10.0000,10.0800,9.9600,27612651,276796992.0000,2.391845
2017-03-15,sh.600919,9.9900,9.9900,10.0400,9.9500,23057897,230322368.0000,1.997306
2017-03-16,sh.600919,10.0100,10.2800,10.3600,10.0100,92125530,942751600.0000,7.980036
2017-03-17,sh.600919,10.2600,10.0700,10.2800,10.0400,61740745,626623600.0000,5.348066
2017-03-20,sh.600919,10.1000,10.0900,10.1400,10.0000,35215203,354671568.0000,3.050388
2017-03-21,sh.600919,10.0800,10.0500,10.1200,10.0100,24818455,249455286.0000,2.149808
2017-03-22,sh.600919,10.0600,9.9600,10.0800,9.9100,39324251,392064544.0000,3.406319
2017-03-23,sh.600919,9.9300,9.9400,10.0300,9.9000,26672225,265542492.0000,2.310384
2017-03-24,sh.600919,9.9300,9.9100,9.9700,9.8500,36304701,359523408.0000,3.144762
2017-03-27,sh.600919,9.9200,10.0900,10.1900,9.9100,68980728,695477232.0000,5.975203
2017-03-28,sh.600919,10.0500,10.0100,10.0700,9.9800,31843347,318889200.0000,2.758313
2017-03-29,sh.600919,10.0300,9.9300,10.0700,9.9200,28599500,285115216.0000,2.477327
2017-03-30,sh.600919,9.9100,9.7000,9.9500,9.6900,38047509,372563456.0000,3.295726
2017-03-31,sh.600919,9.7300,10.0000,10.2000,9.7300,84575920,849205696.0000,7.326079
2017-04-05,sh.600919,9.9000,9.9200,9.9400,9.7100,61244719,602573072.0000,5.305099
2017-04-06,sh.600919,9.8800,9.8800,9.9200,9.8500,32879624,324866432.0000,2.848077
2017-04-07,sh.600919,9.8800,9.8900,9.9400,9.8500,28241412,279370160.0000,2.446309
2017-04-10,sh.600919,9.8800,9.7700,9.8900,9.7400,39694190,388617968.0000,3.438364
2017-04-11,sh.600919,9.7600,9.8400,9.8600,9.7000,40830552,399346880.0000,3.536797
2017-04-12,sh.600919,9.7900,9.7300,9.8100,9.7200,29709046,289694464.0000,2.573437
2017-04-13,sh.600919,9.7200,9.7300,9.7700,9.7100,17250533,167894910.0000,1.494264
2017-04-14,sh.600919,9.7300,9.5600,9.7400,9.5100,40212029,386144128.0000,3.483220
2017-04-17,sh.600919,9.5400,9.3600,9.5400,9.2900,34835634,326889152.0000,3.017509
2017-04-18,sh.600919,9.3600,9.2300,9.4000,9.2200,24836759,231409334.0000,2.151393
2017-04-19,sh.600919,9.2100,9.2900,9.3300,9.1800,26083280,241585412.0000,2.259369
2017-04-20,sh.600919,9.3000,9.2000,9.3200,9.1500,19438586,179433964.0000,1.683796
2017-04-21,sh.600919,9.2100,9.2600,9.3200,9.2000,16625032,153996664.0000,1.440082
2017-04-24,sh.600919,9.2400,9.2000,9.3200,9.1000,24207835,222319956.0000,2.096915
2017-04-25,sh.600919,9.2200,9.2600,9.3500,9.1800,19733472,183032843.0000,1.709340
2017-04-26,sh.600919,9.2800,9.2400,9.3100,9.2300,19056473,176486479.0000,1.650697
2017-04-27,sh.600919,9.2200,9.1900,9.2200,9.0900,31598245,289454224.0000,2.737082
2017-04-28,sh.600919,9.1900,9.1700,9.1900,9.1000,23133675,211400997.0000,2.003870
2017-05-02,sh.600919,9.1600,9.1100,9.1600,9.0800,22774672,207330554.0000,1.972772
2017-05-03,sh.600919,9.1000,9.1400,9.1800,9.0900,22126151,201897497.0000,1.916597
2017-05-04,sh.600919,9.1100,9.1900,9.2400,9.0800,38674305,354965200.0000,3.350020
2017-05-05,sh.600919,9.1500,9.0900,9.1800,9.0800,23361958,212958898.0000,2.023644
2017-05-08,sh.600919,9.0700,9.0100,9.1100,9.0000,17682000,160098824.0000,1.531638
2017-05-09,sh.600919,9.0000,9.2000,9.2500,8.9600,44136095,404196768.0000,3.823127
2017-05-10,sh.600919,9.1700,9.2800,9.5300,9.1400,81841366,764134928.0000,7.089208
2017-05-11,sh.600919,9.2200,9.2500,9.2900,9.0900,46165552,424678736.0000,3.998922
2017-05-12,sh.600919,9.2500,9.4000,9.4900,9.2000,65298058,613543840.0000,5.656205
2017-05-15,sh.600919,9.3500,9.3300,9.4300,9.3100,34534847,322852448.0000,2.991455
2017-05-16,sh.600919,9.2800,9.3100,9.3300,9.1600,35984608,332333728.0000,3.117035
2017-05-17,sh.600919,9.2900,9.2800,9.3300,9.2200,24792110,229893062.0000,2.147526
2017-05-18,sh.600919,9.2200,9.1300,9.2600,9.1000,32411814,297236592.0000,2.807555
2017-05-19,sh.600919,9.1100,9.1200,9.1500,9.0900,15043707,137091906.0000,1.303106
2017-05-22,sh.600919,9.1100,9.0300,9.1400,9.0100,20779183,188398938.0000,1.799921
2017-05-23,sh.600919,9.0100,8.8900,9.0600,8.8800,45618510,408439248.0000,3.951536
2017-05-24,sh.600919,8.8200,8.7600,8.8500,8.6100,34246466,298540320.0000,2.966475
2017-05-25,sh.600919,8.7500,9.0100,9.0600,8.7100,45994596,411188736.0000,3.984113
2017-05-26,sh.600919,8.9700,8.9500,9.0200,8.9100,21867549,196217462.0000,1.894196
2017-05-31,sh.600919,9.0500,9.0300,9.1400,9.0300,28189395,256151499.0000,2.441803
2017-06-01,sh.600919,9.0400,9.3400,9.4600,9.0300,96507019,899029760.0000,8.359567
2017-06-02,sh.600919,9.3700,9.6000,9.7000,9.3000,128531987,1227902640.0000,11.133612
2017-06-05,sh.600919,9.5100,9.5300,9.5600,9.4300,53651779,509409968.0000,4.647389
2017-06-06,sh.600919,9.3600,9.3400,9.4100,9.2300,47282990,440052144.0000,4.095716
2017-06-07,sh.600919,9.3100,9.3700,9.4400,9.2600,60108931,562827104.0000,5.206716
2017-06-08,sh.600919,9.3400,9.3900,9.4100,9.2500,55703789,519805904.0000,4.825137
2017-06-09,sh.600919,9.3500,9.3800,9.4300,9.3100,44929448,421093664.0000,3.891849
2017-06-12,sh.600919,9.3300,9.3200,9.4800,9.3100,40067137,376744464.0000,3.470669
2017-06-13,sh.600919,9.2700,9.2800,9.3100,9.2100,34528036,319655632.0000,2.990865
2017-06-14,sh.600919,9.2700,9.2100,9.3000,9.2000,19383600,179033374.0000,1.679033
2017-06-15,sh.600919,9.2000,9.2400,9.3000,9.1900,27121705,250533537.0000,2.349318
2017-06-16,sh.600919,9.2300,9.1300,9.2700,9.1000,24675492,226697308.0000,2.137424
2017-06-19,sh.600919,9.1400,9.1800,9.2000,9.1300,17918050,164293048.0000,1.552085
2017-06-20,sh.600919,9.1800,9.1900,9.2100,9.1400,16963318,155709008.0000,1.469385
2017-06-21,sh.600919,9.2300,9.2100,9.2600,9.1600,17812701,163872022.0000,1.542960
2017-06-22,sh.600919,9.2200,9.3200,9.4800,9.2000,81625307,764597120.0000,7.070493
2017-06-23,sh.600919,9.2700,9.2300,9.3100,9.1300,45232029,417137040.0000,3.918059
2017-06-26,sh.600919,9.2300,9.2600,9.3400,9.1900,30480596,282404048.0000,2.640270
2017-06-27,sh.600919,9.2400,9.3400,9.3500,9.2100,35191690,327003264.0000,3.048351
2017-06-28,sh.600919,9.3200,9.3900,9.4600,9.2700,45437751,426146176.0000,3.935879
2017-06-29,sh.600919,9.3600,9.3600,9.4100,9.3200,22792640,213199665.0000,1.974329
2017-06-30,sh.600919,9.3300,9.2900,9.3400,9.2600,21223661,197272374.0000,1.838422
2017-07-03,sh.600919,9.2900,9.3000,9.3500,9.2400,16211750,150731694.0000,1.404283
2017-07-04,sh.600919,9.3100,9.1900,9.3100,9.1800,23903284,220696735.0000,2.070534
2017-07-05,sh.600919,9.1800,9.2300,9.2500,9.1700,18306938,168736196.0000,1.585771
2017-07-06,sh.600919,9.2200,9.1900,9.2600,9.1700,21391554,196868249.0000,1.852965
2017-07-07,sh.600919,9.1800,9.1800,9.2100,9.1300,19465227,178427077.0000,1.686104
2017-07-10,sh.600919,9.1800,9.1500,9.1900,9.1400,17120876,156832803.0000,1.483033
2017-07-11,sh.600919,9.1600,9.2300,9.3300,9.1500,42468675,392826464.0000,3.678693
2017-07-12,sh.600919,9.2100,9.2800,9.3600,9.2000,41205782,382665264.0000,3.569300
2017-07-13,sh.600919,9.2600,9.3700,9.3800,9.2300,50456323,469986384.0000,4.370594
2017-07-14,sh.600919,9.4000,9.3800,9.4800,9.3200,44978163,422524064.0000,3.896069
2017-07-17,sh.600919,9.4000,9.7300,10.1900,9.2100,190490608,1845546048.0000,16.500551
2017-07-18,sh.600919,9.6000,9.7200,9.7500,9.5200,94722815,913306976.0000,8.205017
2017-07-19,sh.600919,9.6800,9.8200,9.9400,9.6400,101747566,999140320.0000,8.813510
2017-07-20,sh.600919,9.7800,9.7600,9.8300,9.6800,60240502,586047616.0000,5.218113
2017-07-21,sh.600919,9.7100,9.5800,9.7400,9.5600,53643059,515981344.0000,4.646633
2017-07-24,sh.600919,9.5400,9.6800,9.7300,9.5300,51274221,494011824.0000,4.441441
2017-07-25,sh.600919,9.6400,9.5000,9.7000,9.4700,42294244,405475792.0000,3.663584
2017-07-26,sh.600919,9.4600,9.4600,9.5900,9.3500,52722716,498198928.0000,4.566912
2017-07-27,sh.600919,9.4100,9.4100,9.4500,9.2900,40194721,376485840.0000,3.481720
2017-07-28,sh.600919,9.2700,9.1700,9.3000,9.1600,82687561,763082128.0000,7.162507
2017-07-31,sh.600919,9.1000,9.0200,9.1000,8.9600,73961676,665747680.0000,6.406659
2017-08-01,sh.600919,8.9900,9.1300,9.1900,8.9700,55961995,510218784.0000,4.847503
2017-08-02,sh.600919,8.9000,8.9800,9.0600,8.8300,152386575,1360493712.0000,2.629693
2017-08-03,sh.600919,8.9100,8.9100,8.9600,8.8600,64940318,578157296.0000,1.120657
2017-08-04,sh.600919,8.9000,8.9100,8.9400,8.8600,45639090,406243280.0000,0.787581
2017-08-07,sh.600919,8.8700,8.9000,8.9100,8.8500,30450911,270656752.0000,0.525483
2017-08-08,sh.600919,8.9000,8.8800,8.9000,8.8600,35293716,313366960.0000,0.609054
2017-08-09,sh.600919,8.8600,8.7700,8.8800,8.7600,54620130,481196784.0000,0.942564
2017-08-10,sh.600919,8.7700,8.8000,8.8600,8.7300,41238541,363000272.0000,0.711642
2017-08-11,sh.600919,8.7400,8.6900,8.7800,8.6700,37533899,327188912.0000,0.647712
2017-08-14,sh.600919,8.6600,8.7100,8.7200,8.6600,30860208,268299044.0000,0.532546
2017-08-15,sh.600919,8.7000,8.7700,8.8500,8.6900,46830124,411340304.0000,0.808134
2017-08-16,sh.600919,8.7500,8.7800,8.8000,8.7400,40125589,351950592.0000,0.692436
2017-08-17,sh.600919,8.7600,8.7900,8.7900,8.7500,27845526,244153953.0000,0.480523
2017-08-18,sh.600919,8.7600,8.7100,8.7600,8.6900,63371244,552449376.0000,1.093580
2017-08-21,sh.600919,8.7000,8.6400,8.7100,8.6100,72601661,627014560.0000,1.252867
2017-08-22,sh.600919,8.6400,8.6600,8.6800,8.6200,37362670,323355888.0000,0.644757
2017-08-23,sh.600919,8.6700,8.7400,8.7600,8.6500,51556156,449477360.0000,0.889690
2017-08-24,sh.600919,8.7200,8.6600,8.7400,8.6500,34253249,297570080.0000,0.591099
2017-08-25,sh.600919,8.6500,8.7900,8.8000,8.6500,88753990,777181632.0000,1.531603
2017-08-28,sh.600919,8.7900,8.9100,8.9800,8.7800,116535571,1033884400.0000,2.011022
2017-08-29,sh.600919,8.8900,8.8400,8.9000,8.8100,55256813,488886112.0000,0.953552
2017-08-30,sh.600919,8.8400,8.8000,8.8800,8.7900,47393506,418297344.0000,0.817857
2017-08-31,sh.600919,8.8000,8.7900,8.8100,8.7500,44670779,392137984.0000,0.770871
2017-09-01,sh.600919,8.8000,8.8100,8.8100,8.7600,32727833,287347248.0000,0.564775
2017-09-04,sh.600919,8.8000,8.7800,8.8000,8.7500,31885953,279700384.0000,0.550247
2017-09-05,sh.600919,8.7700,8.7900,8.8500,8.7600,39370111,346558704.0000,0.679399
2017-09-06,sh.600919,8.7700,8.7400,8.7800,8.7100,38728128,338227088.0000,0.668320
2017-09-07,sh.600919,8.7200,8.7100,8.7500,8.7000,22687316,198030854.0000,0.391509
2017-09-08,sh.600919,8.7100,8.6900,8.7400,8.6700,25460598,221627285.0000,0.439366
2017-09-11,sh.600919,8.6800,8.6900,8.7200,8.6800,27174479,236386808.0000,0.468942
2017-09-12,sh.600919,8.7000,8.6800,8.7100,8.6500,34521233,299300408.0000,0.595723
2017-09-13,sh.600919,8.6700,8.6800,8.7200,8.6400,32547570,282230238.0000,0.561664
2017-09-14,sh.600919,8.6700,8.6500,8.6900,8.6300,27169586,235231974.0000,0.468858
2017-09-15,sh.600919,8.6400,8.6500,8.6500,8.6200,28644771,247418001.0000,0.494315
2017-09-18,sh.600919,8.6400,8.6800,8.6800,8.6300,20887771,180777763.0000,0.360454
2017-09-19,sh.600919,8.6700,8.6800,8.7100,8.6600,27952918,242847840.0000,0.482376
2017-09-20,sh.600919,8.6800,8.6600,8.6900,8.6200,29149187,251860228.0000,0.503019
2017-09-21,sh.600919,8.6400,8.6200,8.6900,8.6200,28253814,244329576.0000,0.487568
2017-09-22,sh.600919,8.6200,8.6000,8.6600,8.5900,30206310,260344368.0000,0.521262
2017-09-25,sh.600919,8.5900,8.4600,8.6000,8.4600,42402404,361056016.0000,0.731726
2017-09-26,sh.600919,8.4500,8.4400,8.4900,8.4200,25721548,217340124.0000,0.443869
2017-09-27,sh.600919,8.4500,8.4100,8.4600,8.4100,26838750,226235431.0000,0.463149
2017-09-28,sh.600919,8.4100,8.2600,8.4200,8.2500,47615442,396437240.0000,0.821686
2017-09-29,sh.600919,8.2600,8.3000,8.3400,8.2600,21656824,179840532.0000,0.373726
2017-10-09,sh.600919,8.5000,8.4000,8.5300,8.3800,42646740,359925058.0000,0.735943
2017-10-10,sh.600919,8.4100,8.3900,8.4200,8.3500,23523961,196884555.0000,0.405946
2017-10-11,sh.600919,8.3900,8.4000,8.4300,8.3600,22092057,185477868.0000,0.381236
2017-10-12,sh.600919,8.4000,8.3800,8.4100,8.3600,16299097,136588331.0000,0.281269
2017-10-13,sh.600919,8.3700,8.4000,8.4000,8.3600,16492472,138125788.0000,0.284606
2017-10-16,sh.600919,8.4000,8.3100,8.4000,8.3000,27002997,225711185.0000,0.465983
2017-10-17,sh.600919,8.3100,8.3800,8.4100,8.2900,31917474,267008944.0000,0.550791
2017-10-18,sh.600919,8.3900,8.3500,8.4000,8.3200,15454249,129167109.0000,0.266690
2017-10-19,sh.600919,8.3400,8.2200,8.3500,8.2100,29702366,245543638.0000,0.512565
2017-10-20,sh.600919,8.2100,8.2500,8.2600,8.2100,16400025,135067796.0000,0.283011
2017-10-23,sh.600919,8.2400,8.2400,8.2500,8.2100,16898667,139047332.0000,0.291615
2017-10-24,sh.600919,8.2300,8.2300,8.2500,8.2100,15614007,128460554.0000,0.269446
2017-10-25,sh.600919,8.2400,8.2600,8.3000,8.2300,21412376,176947293.0000,0.369507
2017-10-26,sh.600919,8.2600,8.2800,8.3200,8.2300,26667871,220700203.0000,0.460200
2017-10-27,sh.600919,8.2700,8.3200,8.3500,8.2500,34440988,286261251.0000,0.594338
2017-10-30,sh.600919,8.3100,8.1300,8.3400,8.1100,43577843,356780177.0000,0.752010
2017-10-31,sh.600919,8.1400,8.1200,8.1600,8.0800,22788334,185061472.0000,0.393252
2017-11-01,sh.600919,8.1100,8.1100,8.1500,8.1000,19863221,161417991.0000,0.342774
2017-11-02,sh.600919,8.1000,8.0100,8.1200,7.9900,37308867,299972128.0000,0.643828
2017-11-03,sh.600919,8.0000,7.9100,8.0200,7.8700,33495166,265865280.0000,0.578016
2017-11-06,sh.600919,7.9000,7.9200,7.9400,7.8800,19852637,157003066.0000,0.342591
2017-11-07,sh.600919,7.9100,8.0000,8.0300,7.8900,33658978,268042293.0000,0.580843
2017-11-08,sh.600919,8.0000,8.0000,8.0600,7.9500,27916203,223550182.0000,0.481742
2017-11-09,sh.600919,7.9800,7.9900,8.0200,7.9600,16795067,134097715.0000,0.289828
2017-11-10,sh.600919,7.9800,7.9500,8.0000,7.9300,20325139,161733795.0000,0.350745
2017-11-13,sh.600919,7.9600,8.1000,8.1800,7.9500,79903358,648131543.0000,1.378869
2017-11-14,sh.600919,8.0800,7.9900,8.0900,7.9800,35294423,283129642.0000,0.609066
2017-11-15,sh.600919,7.9800,7.9400,8.0100,7.9300,24325855,193875575.0000,0.419784
2017-11-16,sh.600919,7.9200,7.7700,7.9200,7.7700,43119825,336923814.0000,0.744106
2017-11-17,sh.600919,7.7400,7.7700,7.8500,7.7200,34861011,271022471.0000,0.601586
2017-11-20,sh.600919,7.7300,7.7900,7.8100,7.6300,32837983,253784763.0000,0.566676
2017-11-21,sh.600919,7.7900,7.9200,8.0100,7.7700,62395596,494606998.0000,1.076743
2017-11-22,sh.600919,7.9100,7.9800,8.0400,7.9000,61021322,487572998.0000,1.053027
2017-11-23,sh.600919,7.9500,7.8000,7.9900,7.7700,39002385,308037102.0000,0.673053
2017-11-24,sh.600919,7.7700,7.7800,7.8300,7.7400,20389686,158586789.0000,0.351859
2017-11-27,sh.600919,7.7900,7.7300,7.7900,7.7000,18831671,145699856.0000,0.324973
2017-11-28,sh.600919,7.7100,7.7700,7.7900,7.7100,19114890,148000143.0000,0.329860
2017-11-29,sh.600919,7.7400,7.8300,7.8900,7.6600,46518533,361517190.0000,0.802757
2017-11-30,sh.600919,7.7800,7.8200,7.8800,7.7300,38631270,301591094.0000,0.666649
2017-12-01,sh.600919,7.8100,7.7600,7.8200,7.7600,24244852,188798851.0000,0.418386
2017-12-04,sh.600919,7.7400,7.8300,7.8400,7.7300,31304527,244386523.0000,0.529612
2017-12-05,sh.600919,7.8200,7.7500,7.8500,7.7200,36294662,282835305.0000,0.614035
2017-12-06,sh.600919,7.7500,7.7900,7.8000,7.7100,34114512,264206096.0000,0.577151
2017-12-07,sh.600919,7.7900,7.8400,7.8700,7.7600,53280507,417472313.0000,0.901402
2017-12-08,sh.600919,7.8800,7.9000,7.9200,7.8300,61711729,485981175.0000,1.044042
2017-12-11,sh.600919,7.8800,8.0200,8.0700,7.8400,91235474,729652140.0000,1.543526
2017-12-12,sh.600919,8.0100,7.9300,8.0700,7.9100,43409012,347695270.0000,0.734396
2017-12-13,sh.600919,7.9300,7.9000,7.9800,7.8300,42719362,337000769.0000,0.722728
2017-12-14,sh.600919,7.8800,7.8300,7.9100,7.8100,24078627,189017847.0000,0.407363
2017-12-15,sh.600919,7.8100,7.7300,7.8200,7.7000,33196862,257048839.0000,0.561626
2017-12-18,sh.600919,7.7100,7.6800,7.7300,7.6600,26292345,202096965.0000,0.444815
2017-12-19,sh.600919,7.6800,7.7300,7.7500,7.6600,31033069,239424961.0000,0.525019
2017-12-20,sh.600919,7.7200,7.6200,7.7200,7.6100,33474666,256140373.0000,0.566326
2017-12-21,sh.600919,7.6000,7.6100,7.6500,7.5600,27312200,207774958.0000,0.462069
2017-12-22,sh.600919,7.6000,7.5300,7.6100,7.5200,22188376,168063157.0000,0.375384
2017-12-25,sh.600919,7.5100,7.4100,7.5300,7.4000,29956328,223851704.0000,0.506803
2017-12-26,sh.600919,7.4100,7.4400,7.5000,7.3800,57809175,429802908.0000,0.978019
2017-12-27,sh.600919,7.4100,7.3400,7.4300,7.3200,41205553,303800066.0000,0.697118
2017-12-28,sh.600919,7.3000,7.3200,7.4200,7.2300,40915582,299474853.0000,0.692212
2017-12-29,sh.600919,7.3000,7.3500,7.3600,7.2800,21185820,155292964.0000,0.358423
2018-01-02,sh.600919,7.3300,7.4400,7.4500,7.3300,41353635,306711893.0000,0.698072
2018-01-03,sh.600919,7.4500,7.5100,7.5600,7.4200,42863476,321490791.0000,0.723559
2018-01-04,sh.600919,7.5100,7.5800,7.6400,7.4800,45557297,345194389.0000,0.769032
2018-01-05,sh.600919,7.5600,7.5700,7.5900,7.5200,31619048,238904654.0000,0.533747
2018-01-08,sh.600919,7.5500,7.5900,7.6200,7.5300,26948227,204048460.0000,0.454901
2018-01-09,sh.600919,7.5900,7.5800,7.6200,7.5500,21073922,159706755.0000,0.355739
2018-01-10,sh.600919,7.5600,7.6200,7.6900,7.5600,38923186,297034023.0000,0.657045
2018-01-11,sh.600919,7.6000,7.6400,7.6700,7.5900,23732234,181207263.0000,0.400613
2018-01-12,sh.600919,7.6400,7.6100,7.6800,7.6000,22192749,169444807.0000,0.374626
2018-01-15,sh.600919,7.6000,7.6300,7.7100,7.5600,49968650,382306202.0000,0.843498
2018-01-16,sh.600919,7.6200,7.7200,7.7400,7.6100,35768830,274425311.0000,0.603797
2018-01-17,sh.600919,7.7300,7.8700,7.9800,7.7200,90845335,717363729.0000,1.533519
2018-01-18,sh.600919,7.9100,7.9700,8.0400,7.8600,79997463,636271889.0000,1.350401
2018-01-19,sh.600919,8.0200,8.1800,8.3900,8.0000,177178155,1451593315.0000,2.990865
2018-01-22,sh.600919,8.1100,8.0100,8.1400,7.9600,85784184,689914402.0000,1.448084
2018-01-23,sh.600919,8.0100,8.1900,8.2300,7.9400,95952316,778625124.0000,1.619728
2018-01-24,sh.600919,8.2000,8.1800,8.3700,8.1300,111186124,915963871.0000,1.876883
2018-01-25,sh.600919,8.1500,8.0800,8.1500,7.9900,68962072,557429565.0000,1.164118
2018-01-26,sh.600919,8.0500,8.1600,8.2200,8.0300,57922335,472034264.0000,0.977761
2018-01-29,sh.600919,8.1500,8.1500,8.3100,8.1100,82455797,677777209.0000,1.391899
2018-01-30,sh.600919,8.1100,8.0700,8.2000,8.0400,53569350,434109842.0000,0.904280
2018-01-31,sh.600919,8.0300,8.0800,8.1100,7.9900,49551657,398917644.0000,0.836459
2018-02-01,sh.600919,8.0600,7.8700,8.1500,7.8200,85023959,679644609.0000,1.435251
2018-02-02,sh.600919,7.8300,7.9900,8.0200,7.7900,64279831,509639748.0000,1.085079
2018-02-05,sh.600919,7.9100,8.3100,8.3500,7.8600,115095377,942244441.0000,1.942873
2018-02-06,sh.600919,8.2000,8.0500,8.3800,8.0400,100164886,822239219.0000,1.690838
2018-02-07,sh.600919,8.2000,8.1300,8.4000,8.1000,137404625,1132984516.0000,2.319466
2018-02-08,sh.600919,8.0900,7.8500,8.1000,7.7900,101561114,805830836.0000,1.714407
2018-02-09,sh.600919,7.6800,7.4500,7.7400,7.3300,85545487,642215914.0000,1.444055
2018-02-12,sh.600919,7.4700,7.4700,7.5300,7.4000,46596296,348356695.0000,0.786571
2018-02-13,sh.600919,7.5200,7.5200,7.6300,7.5100,42567412,321614059.0000,0.718561
2018-02-14,sh.600919,7.5200,7.4300,7.5200,7.3900,46359865,344312579.0000,0.782580
2018-02-22,sh.600919,7.5200,7.5200,7.5400,7.4700,61455063,461085786.0000,1.037395
2018-02-23,sh.600919,7.5100,7.5600,7.5700,7.4900,38248893,287987813.0000,0.645662
2018-02-26,sh.600919,7.5800,7.6200,7.6700,7.5500,58045909,441101593.0000,0.979847
2018-02-27,sh.600919,7.6400,7.5400,7.6400,7.5300,37362241,283052846.0000,0.630695
2018-02-28,sh.600919,7.5100,7.5000,7.5300,7.4600,33513267,251059635.0000,0.565722
2018-03-01,sh.600919,7.4600,7.5100,7.5300,7.4400,29802173,223360415.0000,0.503077
2018-03-02,sh.600919,7.4600,7.4800,7.5100,7.4400,27692527,207015350.0000,0.467465
2018-03-05,sh.600919,7.4900,7.4800,7.5200,7.4500,19496616,145789486.0000,0.329114
2018-03-06,sh.600919,7.5000,7.5400,7.5400,7.4400,37511149,280908139.0000,0.633209
2018-03-07,sh.600919,7.5800,7.5100,7.6300,7.5000,49381658,373885604.0000,0.833590
2018-03-08,sh.600919,7.4900,7.5000,7.5200,7.4700,22694034,170144534.0000,0.383088
2018-03-09,sh.600919,7.5100,7.5600,7.5700,7.4800,27507498,206872094.0000,0.464342
2018-03-12,sh.600919,7.5600,7.5800,7.6000,7.5400,33814812,256074317.0000,0.570813
2018-03-13,sh.600919,7.5800,7.5500,7.6300,7.5500,30523172,231638560.0000,0.515248
2018-03-14,sh.600919,7.5300,7.5000,7.5400,7.4900,20946380,157279133.0000,0.353586
2018-03-15,sh.600919,7.5000,7.4300,7.5100,7.4200,25795304,192556204.0000,0.435439
2018-03-16,sh.600919,7.4500,7.4200,7.4800,7.4100,21268918,158262728.0000,0.359031
2018-03-19,sh.600919,7.4100,7.4000,7.4400,7.3900,18050176,133757416.0000,0.304697
2018-03-20,sh.600919,7.3700,7.4100,7.4300,7.3600,19860801,146977633.0000,0.335261
2018-03-21,sh.600919,7.4200,7.4100,7.4500,7.3900,29100439,215928300.0000,0.491231
2018-03-22,sh.600919,7.3900,7.4100,7.4200,7.3300,28551083,210738037.0000,0.481958
2018-03-23,sh.600919,7.3000,7.3300,7.3700,7.1600,85654096,622166245.0000,1.445888
2018-03-26,sh.600919,7.2600,7.2500,7.2600,7.1800,27628063,199531762.0000,0.466377
2018-03-27,sh.600919,7.2900,7.2900,7.3100,7.2500,24074657,175426110.0000,0.406393
2018-03-28,sh.600919,7.2600,7.2900,7.4200,7.2400,30351843,222483086.0000,0.512356
2018-03-29,sh.600919,7.2800,7.3400,7.3800,7.2600,30034181,219891380.0000,0.506993
2018-03-30,sh.600919,7.3600,7.3200,7.3700,7.3000,22127286,162121047.0000,0.373521
2018-04-02,sh.600919,7.3200,7.2800,7.3600,7.2700,24925392,182344816.0000,0.420754
2018-04-03,sh.600919,7.2400,7.2400,7.2600,7.2000,18503454,133679817.0000,0.312348
2018-04-04,sh.600919,7.2500,7.2300,7.2800,7.2200,20911105,151703003.0000,0.352991
2018-04-09,sh.600919,7.2200,7.2300,7.2500,7.2000,15597680,112674528.0000,0.263297
2018-04-10,sh.600919,7.2400,7.3400,7.3500,7.2200,30669342,223573512.0000,0.517715
2018-04-11,sh.600919,7.3500,7.3700,7.4100,7.3100,36670984,269943799.0000,0.619026
2018-04-12,sh.600919,7.3500,7.2800,7.3600,7.2600,25133688,183663432.0000,0.424270
2018-04-13,sh.600919,7.3200,7.2600,7.3300,7.2500,14410117,105050285.0000,0.243251
2018-04-16,sh.600919,7.2500,7.2100,7.2500,7.1600,28943544,208583073.0000,0.488583
2018-04-17,sh.600919,7.1900,7.1600,7.2400,7.1400,21119990,151969738.0000,0.356517
2018-04-18,sh.600919,7.2400,7.2000,7.2500,7.1700,20522679,147785224.0000,0.346434
2018-04-19,sh.600919,7.1800,7.2000,7.2200,7.1700,16996391,122338854.0000,0.286908
2018-04-20,sh.600919,7.1700,7.1600,7.2000,7.0600,36578099,260619297.0000,0.617458
2018-04-23,sh.600919,7.1400,7.1500,7.1700,7.0800,20865887,148798825.0000,0.352228
2018-04-24,sh.600919,7.1600,7.2500,7.2700,7.1500,29559353,213576688.0000,0.498978
2018-04-25,sh.600919,7.2000,7.1700,7.2200,7.1500,23325388,167386630.0000,0.393745
2018-04-26,sh.600919,7.1700,7.1600,7.1800,7.1000,21269640,151914034.0000,0.359043
2018-04-27,sh.600919,7.1500,7.1900,7.2100,7.1300,18484303,132545869.0000,0.312025
2018-05-02,sh.600919,7.2200,7.1700,7.2300,7.1500,16851999,121136097.0000,0.284471
2018-05-03,sh.600919,7.1400,7.1700,7.1900,7.1200,18076650,129255120.0000,0.303402
2018-05-04,sh.600919,7.1600,7.1400,7.1900,7.1300,13353625,95573132.0000,0.224130
2018-05-07,sh.600919,7.1500,7.1800,7.1900,7.1400,18744046,134456944.0000,0.314604
2018-05-08,sh.600919,7.1800,7.2700,7.2700,7.1800,32201199,232967288.0000,0.540471
2018-05-09,sh.600919,7.2600,7.2500,7.2600,7.2200,14655606,106084828.0000,0.245982
2018-05-10,sh.600919,7.2600,7.2500,7.2700,7.2000,19883500,143697116.0000,0.333728
2018-05-11,sh.600919,7.2500,7.2200,7.2800,7.2200,20526434,148692629.0000,0.344520
2018-05-14,sh.600919,7.2200,7.2600,7.2900,7.2200,23766645,172347911.0000,0.398904
2018-05-15,sh.600919,7.2500,7.2500,7.2600,7.2100,18757068,135685162.0000,0.314822
2018-05-16,sh.600919,7.2300,7.1900,7.2500,7.1900,20341421,146887512.0000,0.341414
2018-05-17,sh.600919,7.2000,7.3000,7.3100,7.1900,43787896,318267193.0000,0.734944
2018-05-18,sh.600919,7.3100,7.4300,7.4500,7.2800,52414294,386251566.0000,0.879731
2018-05-21,sh.600919,7.4900,7.4200,7.4900,7.4100,30194047,224354960.0000,0.506783
2018-05-22,sh.600919,7.4400,7.4200,7.4500,7.3700,29025780,214808674.0000,0.487174
2018-05-23,sh.600919,7.4200,7.3500,7.4300,7.3300,25347819,187395598.0000,0.425443
2018-05-24,sh.600919,7.3600,7.3500,7.4000,7.3300,18358037,135141072.0000,0.308125
2018-05-25,sh.600919,7.3900,7.4500,7.4800,7.3600,42956918,319779388.0000,0.720997
2018-05-28,sh.600919,7.4300,7.3800,7.4500,7.3500,27268066,201455319.0000,0.457672
2018-05-29,sh.600919,7.3700,7.3200,7.3900,7.2800,25893350,189634090.0000,0.434599
2018-05-30,sh.600919,7.2400,7.1300,7.2500,7.1000,30275344,217243764.0000,0.508147
2018-05-31,sh.600919,7.1500,7.2000,7.2200,7.1200,24687198,176910147.0000,0.414355
2018-06-01,sh.600919,7.1200,7.1400,7.1900,7.0900,25205780,179868396.0000,0.423059
2018-06-04,sh.600919,7.1400,7.1200,7.1900,7.1100,23365219,166789277.0000,0.388887
2018-06-05,sh.600919,7.1200,7.1000,7.1300,7.0500,39327565,278379756.0000,0.654562
2018-06-06,sh.600919,7.0900,7.0700,7.1000,7.0500,21369095,151122361.0000,0.355664
2018-06-07,sh.600919,7.0900,7.0700,7.1300,7.0600,32016408,226844749.0000,0.532876
2018-06-08,sh.600919,7.0600,6.9000,7.0600,6.8200,79109080,546371492.0000,1.316679
2018-06-11,sh.600919,6.8400,6.8700,6.8900,6.8200,22808134,156280314.0000,0.379615
2018-06-12,sh.600919,6.8600,6.8600,6.8700,6.7900,22691142,155080082.0000,0.377668
2018-06-13,sh.600919,6.8500,6.7500,6.8500,6.7400,22710162,154350715.0000,0.377984
2018-06-14,sh.600919,6.7200,6.7800,6.7900,6.7100,18617910,125771633.0000,0.309874
2018-06-15,sh.600919,6.7800,6.8200,6.8400,6.7600,24575780,167288292.0000,0.409036
2018-06-19,sh.600919,6.7500,6.5600,6.8000,6.4500,44913956,298291419.0000,0.747541
2018-06-20,sh.600919,6.5200,6.5700,6.6000,6.5100,19366166,127060005.0000,0.322328
2018-06-21,sh.600919,6.5600,6.5100,6.6200,6.4900,23560067,154489870.0000,0.392130
2018-06-22,sh.600919,6.4800,6.5300,6.5300,6.4500,21896678,142132870.0000,0.364445
2018-06-25,sh.600919,6.5600,6.4400,6.5800,6.4200,19279012,125457067.0000,0.320877
2018-06-26,sh.600919,6.3900,6.3800,6.4000,6.3100,26050553,165789267.0000,0.433581
2018-06-27,sh.600919,6.3600,6.3400,6.4600,6.3000,30060147,191385555.0000,0.500316
2018-06-28,sh.600919,6.3100,6.3500,6.3800,6.2800,24114459,152682641.0000,0.401357
2018-06-29,sh.600919,6.3600,6.4100,6.4200,6.3300,22943694,146447359.0000,0.381871
2018-07-02,sh.600919,6.3800,6.2700,6.4000,6.2500,24775872,156640217.0000,0.412366
2018-07-03,sh.600919,6.2700,6.3200,6.3300,6.2300,23891126,150272476.0000,0.397640
2018-07-04,sh.600919,6.3000,6.3000,6.3300,6.2600,16876032,106285974.0000,0.280882
2018-07-05,sh.600919,6.2800,6.2600,6.3400,6.2400,18984144,119300817.0000,0.315969
2018-07-06,sh.600919,6.2600,6.2900,6.3200,6.1800,25268630,158178762.0000,0.420567
2018-07-09,sh.600919,6.2900,6.4200,6.4300,6.2800,35514357,226656824.0000,0.591096
2018-07-10,sh.600919,6.2600,6.2200,6.2700,6.1800,22209143,138066721.0000,0.369646
2018-07-11,sh.600919,6.1800,6.1300,6.1800,6.0400,24446340,149182713.0000,0.406881
2018-07-12,sh.600919,6.1000,6.2300,6.2500,6.1000,28685749,177940189.0000,0.477441
2018-07-13,sh.600919,6.2400,6.2000,6.2400,6.1700,18016413,111702908.0000,0.299862
2018-07-16,sh.600919,6.1800,6.1400,6.2100,6.1200,13729058,84438142.0000,0.228504
2018-07-17,sh.600919,6.1700,6.1600,6.1700,6.1300,12674490,77959278.0000,0.210952
2018-07-18,sh.600919,6.1600,6.1500,6.2200,6.1500,14081860,87123471.0000,0.234376
2018-07-19,sh.600919,6.1500,6.1200,6.1900,6.0900,20479455,125793660.0000,0.340857
2018-07-20,sh.600919,6.1100,6.3400,6.4000,6.0800,60683720,381987915.0000,1.010011
2018-07-23,sh.600919,6.2800,6.3700,6.4200,6.2400,52793366,334910228.0000,0.878685
2018-07-24,sh.600919,6.3500,6.4200,6.4900,6.3300,50086638,321391601.0000,0.833634
2018-07-25,sh.600919,6.4200,6.3700,6.4300,6.3500,27043665,172458663.0000,0.450111
2018-07-26,sh.600919,6.3800,6.3400,6.4000,6.3200,28019798,178006515.0000,0.466357
2018-07-27,sh.600919,6.3400,6.3300,6.3600,6.3000,17114395,108296251.0000,0.284849
2018-07-30,sh.600919,6.3300,6.3500,6.4000,6.3100,25551490,162494245.0000,0.425275
2018-07-31,sh.600919,6.3400,6.4200,6.4700,6.3200,31055205,198337475.0000,0.516878
2018-08-01,sh.600919,6.4000,6.2600,6.4400,6.2500,25815661,163991342.0000,0.429672
2018-08-02,sh.600919,6.2400,6.1400,6.2800,6.0900,31444179,194237945.0000,0.523352
2018-08-03,sh.600919,6.1400,6.1300,6.1900,6.1200,14329813,88282419.0000,0.238503
2018-08-06,sh.600919,6.1400,6.1300,6.2100,6.1000,18922117,116258668.0000,0.314937
2018-08-07,sh.600919,6.1300,6.2400,6.2400,6.1100,24109279,149079218.0000,0.401271
2018-08-08,sh.600919,6.2200,6.2000,6.2500,6.1800,16554430,102936518.0000,0.275529
2018-08-09,sh.600919,6.1700,6.2900,6.3100,6.1700,22483742,140910008.0000,0.374216
2018-08-10,sh.600919,6.2700,6.2700,6.3200,6.2300,17010247,106609975.0000,0.283116
2018-08-13,sh.600919,6.2200,6.2300,6.2400,6.1500,17050799,105705737.0000,0.283791
2018-08-14,sh.600919,6.2100,6.2200,6.2400,6.1900,10477633,65098293.0000,0.174388
2018-08-15,sh.600919,6.2100,6.1300,6.2200,6.1200,13670087,84178735.0000,0.227523
2018-08-16,sh.600919,6.1100,6.1100,6.1600,6.0700,16007718,97920351.0000,0.266430
2018-08-17,sh.600919,6.1400,6.0800,6.1600,6.0700,11683692,71386958.0000,0.194462
2018-08-20,sh.600919,6.0800,6.1500,6.1500,6.0800,11825574,72338352.0000,0.196823
2018-08-21,sh.600919,6.1400,6.2000,6.2300,6.1400,18732561,116026616.0000,0.311782
2018-08-22,sh.600919,6.2000,6.1600,6.2000,6.1500,11043683,68104689.0000,0.183809
2018-08-23,sh.600919,6.1500,6.1700,6.2000,6.1300,16836074,103787322.0000,0.280217
2018-08-24,sh.600919,6.1600,6.2800,6.3700,6.1500,41705677,261330282.0000,0.694143
2018-08-27,sh.600919,6.2700,6.3100,6.3100,6.2400,32712741,205282230.0000,0.544466
2018-08-28,sh.600919,6.3100,6.2900,6.3300,6.2700,19610265,123468687.0000,0.326390
2018-08-29,sh.600919,6.2600,6.2700,6.3100,6.2500,13643156,85649281.0000,0.227075
2018-08-30,sh.600919,6.2700,6.2700,6.3000,6.2400,20024957,125552697.0000,0.333292
2018-08-31,sh.600919,6.2800,6.2900,6.3500,6.2600,35332321,222852375.0000,0.588066
2018-09-03,sh.600919,6.2800,6.2700,6.2900,6.2300,18214232,114108137.0000,0.303155
2018-09-04,sh.600919,6.2800,6.3400,6.3900,6.2500,27318164,172627421.0000,0.454679
2018-09-05,sh.600919,6.3200,6.3200,6.4200,6.3100,44412828,283019479.0000,0.739200
2018-09-06,sh.600919,6.3100,6.3000,6.3500,6.2800,18396584,116242355.0000,0.306190
2018-09-07,sh.600919,6.2800,6.3000,6.3700,6.2600,17060110,107644232.0000,0.283946
2018-09-10,sh.600919,6.2800,6.2500,6.2900,6.2300,16618254,103949544.0000,0.276592
2018-09-11,sh.600919,6.2500,6.2200,6.2600,6.2100,19191806,119664353.0000,0.319425
2018-09-12,sh.600919,6.2200,6.2200,6.2400,6.2000,21179786,131655808.0000,0.352513
2018-09-13,sh.600919,6.2400,6.2700,6.2800,6.2100,28886366,180215331.0000,0.480780
2018-09-14,sh.600919,6.2600,6.2500,6.2700,6.2300,17511750,109443889.0000,0.291463
2018-09-17,sh.600919,6.2300,6.2200,6.2400,6.2000,15171358,94363706.0000,0.252510
2018-09-18,sh.600919,6.2200,6.3000,6.3000,6.2000,26812782,167639356.0000,0.446268
2018-09-19,sh.600919,6.2800,6.3200,6.3500,6.2700,36128243,228093918.0000,0.601313
2018-09-20,sh.600919,6.3300,6.3100,6.3400,6.2900,21065799,133117676.0000,0.350616
2018-09-21,sh.600919,6.3200,6.4400,6.4700,6.2900,65056105,415896643.0000,1.082784
2018-09-25,sh.600919,6.3900,6.3800,6.4000,6.3500,27639441,176299566.0000,0.460027
2018-09-26,sh.600919,6.3900,6.4100,6.4800,6.3700,35273272,226736413.0000,0.587083
2018-09-27,sh.600919,6.4000,6.3900,6.4100,6.3600,26594899,169734726.0000,0.442641
2018-09-28,sh.600919,6.4100,6.4600,6.5300,6.4000,55577070,359528824.0000,0.925016
2018-10-08,sh.600919,6.3800,6.3000,6.3800,6.2900,39701438,251718226.0000,0.660785
2018-10-09,sh.600919,6.3000,6.3000,6.3300,6.2700,17815765,112333001.0000,0.296523
2018-10-10,sh.600919,6.2900,6.3200,6.3400,6.2800,12831740,80949696.0000,0.213570
2018-10-11,sh.600919,6.2100,6.0400,6.2300,5.9800,47322393,289668324.0000,0.787627
2018-10-12,sh.600919,6.0200,6.0800,6.1100,5.9900,30857884,186475493.0000,0.513594
2018-10-15,sh.600919,6.0800,6.0200,6.0900,6.0000,18226562,110043830.0000,0.303360
2018-10-16,sh.600919,6.0200,6.0200,6.1000,6.0100,18919990,114383973.0000,0.314901
2018-10-17,sh.600919,6.0600,6.0700,6.1000,6.0200,17519147,106233481.0000,0.291586
2018-10-18,sh.600919,6.0600,6.0000,6.0700,5.9800,18751073,112880528.0000,0.312090
2018-10-19,sh.600919,5.9800,6.1100,6.1200,5.9100,32226879,194595607.0000,0.536379
2018-10-22,sh.600919,6.1100,6.3400,6.3900,6.1000,52217267,327961112.0000,0.869096
2018-10-23,sh.600919,6.3100,6.2300,6.3700,6.2100,31414962,197590274.0000,0.522866
2018-10-24,sh.600919,6.2200,6.4200,6.6800,6.2100,81164384,524848908.0000,1.350888
2018-10-25,sh.600919,6.2900,6.4800,6.5000,6.2500,55750628,355275723.0000,0.927905
2018-10-26,sh.600919,6.4800,6.4500,6.5100,6.4000,32815618,211709285.0000,0.546178
2018-10-29,sh.600919,6.4300,6.3300,6.5100,6.3100,24285622,155288003.0000,0.404206
2018-10-30,sh.600919,6.3700,6.4700,6.5600,6.3600,42672574,275780323.0000,0.710236
2018-10-31,sh.600919,6.5000,6.4900,6.5400,6.4500,37893124,246301488.0000,0.630687
2018-11-01,sh.600919,6.4900,6.4800,6.5900,6.4700,36154405,235926883.0000,0.601748
2018-11-02,sh.600919,6.5400,6.6000,6.6300,6.5000,52091685,342275461.0000,0.867006
2018-11-05,sh.600919,6.5700,6.5200,6.5700,6.4800,30857837,201444542.0000,0.513593
2018-11-06,sh.600919,6.5000,6.4800,6.5200,6.4500,19240828,124655012.0000,0.320241
2018-11-07,sh.600919,6.5000,6.4500,6.5300,6.4400,20891685,135531738.0000,0.347718
2018-11-08,sh.600919,6.5000,6.4700,6.5100,6.4400,19540651,126558361.0000,0.325232
2018-11-09,sh.600919,6.4500,6.3900,6.4500,6.3500,30576609,195288287.0000,0.508912
2018-11-12,sh.600919,6.3900,6.4900,6.5000,6.3700,20673576,133222502.0000,0.344088
2018-11-13,sh.600919,6.4200,6.5300,6.5800,6.4100,29793176,193846769.0000,0.495873
2018-11-14,sh.600919,6.5100,6.5000,6.5600,6.4800,19087413,124406529.0000,0.317688
2018-11-15,sh.600919,6.4900,6.5400,6.5500,6.4800,25514601,166393499.0000,0.424661
2018-11-16,sh.600919,6.5500,6.5900,6.6500,6.5200,44044220,290050148.0000,0.733065
2018-11-19,sh.600919,6.5800,6.6400,6.6600,6.5800,39339837,260685671.0000,0.654766
2018-11-20,sh.600919,6.6000,6.5200,6.6200,6.5200,31776637,208227107.0000,0.528885
2018-11-21,sh.600919,6.4900,6.5000,6.5100,6.4600,24068737,156041639.0000,0.400596
2018-11-22,sh.600919,6.4900,6.4900,6.5000,6.4500,17508716,113312683.0000,0.291412
2018-11-23,sh.600919,6.4800,6.4100,6.5000,6.3900,29486254,189736090.0000,0.490765
2018-11-26,sh.600919,6.4000,6.4000,6.4600,6.3900,17836441,114539860.0000,0.296867
2018-11-27,sh.600919,6.4300,6.4000,6.4300,6.3800,19915402,127453393.0000,0.331469
2018-11-28,sh.600919,6.3900,6.4500,6.4500,6.3800,18757554,120415251.0000,0.312198
2018-11-29,sh.600919,6.4500,6.4100,6.4800,6.4000,16255083,104520079.0000,0.270547
2018-11-30,sh.600919,6.4100,6.3800,6.4100,6.3600,21277230,135873863.0000,0.354135
2018-12-03,sh.600919,6.4500,6.4600,6.5100,6.4300,32048478,207371262.0000,0.533410
2018-12-04,sh.600919,6.4600,6.4700,6.4700,6.4400,25427127,164191405.0000,0.423205
2018-12-05,sh.600919,6.4200,6.4200,6.4300,6.3800,25435196,163162312.0000,0.423340
2018-12-06,sh.600919,6.3900,6.3000,6.3900,6.2900,36133245,228723603.0000,0.601396
2018-12-07,sh.600919,6.3100,6.2900,6.3200,6.2700,19034910,119778823.0000,0.316814
2018-12-10,sh.600919,6.2600,6.2100,6.2700,6.2100,16674066,103819759.0000,0.277521
2018-12-11,sh.600919,6.2400,6.2200,6.2400,6.2000,12200271,75899217.0000,0.203059
2018-12-12,sh.600919,6.2300,6.2100,6.2400,6.1900,13434802,83441140.0000,0.223607
2018-12-13,sh.600919,6.2100,6.2500,6.2800,6.1800,27037292,168606007.0000,0.450005
2018-12-14,sh.600919,6.2400,6.1600,6.2500,6.1600,20427221,126582024.0000,0.339988
2018-12-17,sh.600919,6.1500,6.1300,6.1800,6.1100,23576065,144414869.0000,0.392396
2018-12-18,sh.600919,6.1100,6.0800,6.1500,6.0700,19451959,118606236.0000,0.323755
2018-12-19,sh.600919,6.0900,6.0800,6.1100,6.0700,15613737,95021079.0000,0.259873
2018-12-20,sh.600919,6.0700,6.0600,6.0900,6.0300,24202649,146552559.0000,0.402825
2018-12-21,sh.600919,6.0400,6.0100,6.0500,5.9700,36830538,220989194.0000,0.613002
2018-12-24,sh.600919,5.9600,5.9700,5.9900,5.9600,28803055,172097765.0000,0.479394
2018-12-25,sh.600919,5.9600,5.9100,5.9600,5.8800,39893041,235911883.0000,0.663974
2018-12-26,sh.600919,5.9100,5.9000,5.9300,5.8700,30296915,178696810.0000,0.504257
2018-12-27,sh.600919,5.9600,5.9000,5.9700,5.8800,44359600,262375850.0000,0.738314
2018-12-28,sh.600919,5.9000,5.9700,5.9700,5.8900,27939330,165888234.0000,0.465018
2019-01-02,sh.600919,5.9600,5.9400,5.9600,5.8900,17826708,105503360.0000,0.296705
2019-01-03,sh.600919,5.9200,5.9700,5.9900,5.9200,15142762,90254369.0000,0.252034
2019-01-04,sh.600919,5.9300,6.0900,6.1000,5.9100,31494432,190052231.0000,0.524189
2019-01-07,sh.600919,6.1000,6.0700,6.1000,6.0400,22699426,137681420.0000,0.377806
2019-01-08,sh.600919,6.0600,6.0600,6.0700,6.0300,17856447,108069950.0000,0.297200
2019-01-09,sh.600919,6.0600,6.0600,6.1300,6.0500,36904987,225094009.0000,0.614241
2019-01-10,sh.600919,6.0500,6.0200,6.0600,6.0100,21696914,130880139.0000,0.361120
2019-01-11,sh.600919,6.0200,6.0500,6.0900,6.0200,18807572,113746057.0000,0.313030
2019-01-14,sh.600919,6.0500,6.0100,6.0500,5.9900,17859423,107419971.0000,0.297250
2019-01-15,sh.600919,6.0100,6.0500,6.0700,6.0000,18034762,108995815.0000,0.300168
2019-01-16,sh.600919,6.0600,6.0500,6.0700,6.0300,12527054,75812398.0000,0.208498
2019-01-17,sh.600919,6.0500,6.0500,6.0800,6.0400,16133596,97735867.0000,0.268525
2019-01-18,sh.600919,6.0800,6.1300,6.1300,6.0500,29316847,178663394.0000,0.487945
2019-01-21,sh.600919,6.1200,6.1000,6.1400,6.0800,25822498,157604420.0000,0.429786
2019-01-22,sh.600919,6.0900,6.0700,6.1000,6.0500,24887607,151172716.0000,0.414226
2019-01-23,sh.600919,6.0600,6.0800,6.1000,6.0600,18597526,113115842.0000,0.309534
2019-01-24,sh.600919,6.0800,6.1100,6.1200,6.0700,15174773,92563738.0000,0.252567
2019-01-25,sh.600919,6.1200,6.1500,6.1800,6.1100,28552495,175787762.0000,0.475223
2019-01-28,sh.600919,6.1800,6.1500,6.2000,6.1300,22321873,137803563.0000,0.371522
2019-01-29,sh.600919,6.1500,6.1600,6.1800,6.1000,22914896,140702988.0000,0.381392
2019-01-30,sh.600919,6.1500,6.1600,6.1900,6.1300,15487300,95431735.0000,0.257768
2019-01-31,sh.600919,6.1800,6.2100,6.2500,6.1600,31623545,196232585.0000,0.526337
2019-02-01,sh.600919,6.2200,6.2500,6.2500,6.1800,24153525,150223673.0000,0.402008
2019-02-11,sh.600919,6.2300,6.2900,6.3100,6.2100,26739281,167207291.0000,0.445044
2019-02-12,sh.600919,6.3300,6.2900,6.3300,6.2700,27651026,174113016.0000,0.460219
2019-02-13,sh.600919,6.3300,6.3700,6.3900,6.2800,36728690,232540524.0000,0.611307
2019-02-14,sh.600919,6.3600,6.3600,6.4000,6.3400,23404519,148838731.0000,0.389541
2019-02-15,sh.600919,6.3500,6.2800,6.3600,6.2800,23449815,148149384.0000,0.390295
2019-02-18,sh.600919,6.3000,6.3900,6.3900,6.2900,31109296,197685856.0000,0.517778
2019-02-19,sh.600919,6.3900,6.3900,6.4700,6.3500,44809698,287327037.0000,0.745806
2019-02-20,sh.600919,6.3800,6.3700,6.4100,6.3400,22769484,145117158.0000,0.378972
2019-02-21,sh.600919,6.3600,6.3300,6.4100,6.3200,32185581,204658388.0000,0.535692
2019-02-22,sh.600919,6.3300,6.4700,6.4800,6.2900,53087191,339170729.0000,0.883575
2019-02-25,sh.600919,6.5100,7.0000,7.0700,6.5100,172063312,1164123916.0000,2.863795
2019-02-26,sh.600919,7.0000,6.8400,7.0100,6.8200,102382513,707282566.0000,1.704039
2019-02-27,sh.600919,6.8400,7.0900,7.3700,6.8200,166656155,1182911244.0000,2.773800
2019-02-28,sh.600919,7.1000,7.1000,7.2300,7.0600,98367585,701893895.0000,1.637215
2019-03-01,sh.600919,7.1500,7.2500,7.2800,7.0400,83863935,599471428.0000,1.395818
2019-03-04,sh.600919,7.3600,7.4200,7.6500,7.3300,165263435,1233138832.0000,2.750619
2019-03-05,sh.600919,7.3500,7.4600,7.5300,7.3000,83499903,620118370.0000,1.389760
2019-03-06,sh.600919,7.4900,7.5400,7.5700,7.4200,86922961,651501394.0000,1.446732
2019-03-07,sh.600919,7.5300,7.5500,7.6800,7.4100,108761493,819947950.0000,1.810210
2019-03-08,sh.600919,7.3800,7.1100,7.4200,7.0800,116703135,845835755.0000,1.942389
2019-03-11,sh.600919,7.1100,7.2700,7.2800,7.0700,61788035,442661087.0000,1.028391
2019-03-12,sh.600919,7.4400,7.3700,7.4900,7.2500,100916735,744016683.0000,1.679643
2019-03-13,sh.600919,7.3800,7.2700,7.3800,7.2500,87352084,639186616.0000,1.453875
2019-03-14,sh.600919,7.1500,7.0100,7.2000,6.9800,95223930,673884515.0000,1.584893
2019-03-15,sh.600919,7.0300,7.0400,7.1100,7.0100,51983482,366705341.0000,0.865205
2019-03-18,sh.600919,7.0900,7.2100,7.2200,7.0400,52608002,375634835.0000,0.875600
2019-03-19,sh.600919,7.2400,7.1700,7.2600,7.1400,53051304,380973505.0000,0.882978
2019-03-20,sh.600919,7.1300,7.1600,7.1800,7.0700,53421155,380597807.0000,0.889134
2019-03-21,sh.600919,7.1800,7.1300,7.1800,7.1000,49320054,352072463.0000,0.820875
2019-03-22,sh.600919,7.1400,7.0800,7.1700,7.0200,38475107,272274712.0000,0.640374
2019-03-25,sh.600919,7.0000,6.9700,7.0300,6.9600,41917170,293334778.0000,0.697663
2019-03-26,sh.600919,7.0000,6.9000,7.0200,6.9000,45092163,314019802.0000,0.750507
2019-03-27,sh.600919,6.9400,7.0100,7.0600,6.9300,33740385,236137177.0000,0.561570
2019-03-28,sh.600919,7.0100,6.9500,7.0100,6.9400,23163171,161257499.0000,0.385524
2019-03-29,sh.600919,6.9700,7.1300,7.1500,6.9600,55378839,392380922.0000,0.921717
2019-04-01,sh.600919,7.1500,7.2700,7.2900,7.1200,75155212,543363049.0000,1.250872
