-0.00053674,-0.0062990645,-0.0017496087,0.006979133,-0.00067067076,-0.005581795,0.0065787947,0.007973446,0.0014917227,0.00081314344,0.0024008988,-0.0071527036,-0.006481935,0.0058108587,0.0012101202,-0.00071430515,0.0052689435,-0.00034482646,-0.0028192098,0.00952515,0.009233353,0.0012729967,0.00064377894,0.009524467,0.0046519465,-0.00053307356,-0.0016334791,-0.004060153,0.0091517195,0.009538597,0.0066672694,-0.006453699,-0.00030361488,-0.0044196313,-0.006450849,-0.0054579475,-0.005047958,-0.004105087,-0.0061025484,0.004703756,0.005300345,0.0027947873,0.007094184,-0.0090041775,0.0006344917,0.0054907766,0.0026634147,-0.00710169,0.008550719,0.007101304
-0.0051812823,-0.006449362,0.0040271166,7.865658e-06,0.0047582565,-0.0067738793,-0.0069622775,-0.0022225399,0.007560406,0.00536991,0.0034187366,0.0072473846,-0.0061422647,0.004512339,-0.009325511,0.00089643995,0.00714064,-0.0013592029,0.006567826,0.009245361,0.003715793,0.0026256423,-0.009114717,-0.005958026,0.002334585,-0.009979748,0.0050988123,-0.008441528,0.008323146,0.0024225581,-0.004028799,-0.009883243,0.0052078213,-0.0066053313,0.0023477103,0.004356608,-0.009166963,0.008060268,0.005230923,-0.0011972616,0.009794332,-0.0025623858,0.0060013942,0.005240066,0.0047060596,-0.0020781462,0.00020006581,-0.0025172452,-0.008183582,0.0020415022
-0.0040611126,0.008509021,-0.0036954638,-0.00573602,0.0062731393,-0.0055409735,0.0040723486,-0.006675776,-0.0026697884,0.00052795716,-0.003105227,0.00025999037,-0.0044661397,-0.008024703,-0.0062271524,0.0090738395,0.0036501337,0.0003936925,-0.007225834,3.8371614e-05,0.0059880605,-0.00852774,-0.0031411324,0.0017779019,0.006410762,-0.008857597,0.009176452,0.0063237473,0.0064726267,0.008596164,0.005398671,-0.006474545,0.00076705765,0.008398023,-0.0075370707,-0.00526122,0.0070211384,0.0008301032,-0.0040856525,-0.0074677668,0.0006892717,-0.0016544762,-0.0020576103,0.0026421428,-0.0023550466,-0.0072634043,-0.0017209167,0.004845285,-0.0051372014,-0.0010733063
-0.005022401,0.0051585166,-0.006085216,-0.008257267,0.0065408875,-0.007255874,0.0084021045,0.0053539607,0.007191141,0.009462313,0.0047938125,0.008011735,-0.0090846745,-0.0013943443,-0.0052421,-0.008914929,-0.00276945,0.008448145,0.004089125,-0.007694488,-0.0039245677,-0.0028341124,0.009640193,0.007816744,-0.0074713533,0.0079286415,-0.0046798815,0.004011013,-0.006671767,-0.004252808,-0.006256132,-0.0013188575,-0.0075594173,0.007044445,-0.006913698,0.0022174325,0.0028340495,-0.0024096637,0.0049414625,0.0031210624,0.004205343,-0.0057861195,-6.739736e-05,0.00067940727,-0.0060772416,0.0008250166,-0.009966385,-0.008100523,0.005912721,-0.003779849
-0.005945012,-0.002767447,0.004801481,0.007236895,-0.0050629177,0.0013823144,-0.0064015198,-0.0018017997,0.008591552,0.0040229154,0.002592065,-0.00076625653,0.0028721008,-0.0011896298,0.0009962837,-0.0010725505,0.00499993,-0.00959272,-0.009908623,1.545308e-05,-0.0036171298,0.0043660286,-0.009196483,0.0015799153,-0.008603265,0.0032769165,0.0044920007,-0.006049587,-0.0016587948,-0.008375437,0.0031982567,-0.000776382,-0.0029460478,-0.0012170742,-0.005933572,0.0011905987,-0.010335543,-0.009517897,0.0004906643,0.0097889975,0.002456727,-0.0057048867,-0.0058398345,-0.0050038835,0.0061546424,0.0017733303,0.0007269395,0.0075199455,0.00039846584,-0.00923966
-0.008711235,0.0057441276,-0.0036222166,0.0022806341,-0.008454368,0.0039232136,0.009548035,0.0072717713,-0.0007913816,0.008400032,0.00015259798,0.0023714162,-0.008726061,0.005864129,-0.0019580475,0.00529045,-0.0065377937,0.0056124586,0.009692772,0.00253308,0.008982147,-0.007044848,0.0040071453,-0.0035011873,-0.005582517,-0.0010701789,-0.0032699332,0.006108648,0.009814904,0.004638455,0.006807092,-0.004919229,0.007708549,-0.00084998435,0.008430099,-0.008170461,0.009860237,-0.00035521845,0.006663787,-0.0073308237,-0.0006324993,0.0031874406,0.0028270448,0.0007662083,-0.0016033628,-0.005951305,-0.009375477,-0.00551363,0.006578393,-0.0063129547
-0.0032452766,0.007148093,0.0073837787,-0.009220646,0.0018705786,0.0042760833,-9.424029e-06,0.0032153942,0.0046756016,-0.0092781875,-0.008089862,-0.0011394664,0.007833043,0.0069436347,0.0034728982,-0.006844742,0.0011535215,0.0072216545,-0.0034905977,-0.0022111628,0.002352859,-0.00877389,-0.00086309423,0.00040550792,0.006718534,-0.0004916445,-0.0065369965,0.004859639,-0.009022849,0.0042368453,-0.009349463,-0.009354015,-0.0023722888,-0.0059664315,-0.004608874,-0.00051054027,-0.0025502518,0.007393945,-0.008950297,0.0062763984,0.0042728516,-0.008393446,0.0014060732,-0.0004898318,0.0026976822,0.009522974,-0.0011394063,-0.0073044845,0.001988502,-0.009216665
-0.0047385395,-0.0032704498,0.0075364653,0.0055490825,0.010482467,0.007381348,0.007996106,0.002752986,-0.009870268,0.0014236087,-0.001278965,0.004423394,0.00049955904,0.0055075428,-0.0061600767,0.0048156492,-0.0096617015,0.00026523252,-0.0059220544,-0.01009998,0.0091631515,0.006934755,-0.0026232207,-0.0057918862,0.0025220313,-0.006643682,-0.006603613,0.004219198,-0.009820768,0.0026972147,0.007580429,0.010130803,0.0015235877,-0.010244538,0.0025225405,0.0056881597,-0.0053187255,0.0053094435,0.004011732,-0.0016013868,-0.0020885444,-0.0014726063,0.00972857,-0.0017491858,-0.007206549,-0.00092606747,0.008986728,0.0057645887,0.0009077831,0.0027233933
0.0077774567,-0.0037690664,0.0075758323,-0.0027624448,-0.0029232767,0.0059367106,-0.0066515906,-0.0017886319,0.001031998,-0.0015928635,0.009849364,-0.008324354,-0.004993832,-0.003255867,-0.0034678765,-0.0060916333,0.0049945298,-0.0049151187,0.0005909297,0.0048363074,-0.0048855897,0.007202259,0.00239771,0.007985287,-0.0052820635,0.00951074,0.0050574983,-0.0098881,0.0033769445,0.00026953983,-0.009325282,-0.0045516645,0.0028989483,0.0048377872,0.0036045997,-0.00732364,0.009300237,-0.0026381565,-0.0017835918,-0.006607791,-0.0022339656,-0.00482293,0.00792727,0.008138207,-0.0017471514,-0.004865873,0.0038526307,0.0053201476,0.0045401063,-0.0068498026
0.0065726168,0.003042952,-0.009048191,-0.0019713088,-0.0054183328,0.00505617,0.008219561,0.008732861,-0.0018626802,-0.0010637685,0.0071291933,0.0059479163,-0.002340076,0.004446953,0.0010225675,0.008943296,0.00011751175,-0.008313242,0.0045347195,-0.002181555,0.008110441,-0.0022094678,-0.0020664993,0.002852145,-0.008358041,0.009295078,0.008919684,-0.002742744,-0.0023888682,0.0055155745,-0.0014308969,0.006635501,-0.009469488,-0.0073888726,0.009649572,0.0023824407,0.0031755737,-0.0008668396,-0.004900567,-0.008572689,0.008996913,0.006292068,0.005896564,-0.004716825,0.0036336407,-0.002936292,-0.004228609,0.0075493604,0.0065839784,-0.0019017203
-0.008309913,-0.004359853,-0.0014218483,-0.009386923,-0.0023902867,-0.0011039937,-0.0023970501,0.008575272,0.0016428014,-0.006147848,0.0031723713,0.009868116,0.0020577665,-0.003415365,0.0017776757,-0.00961837,-0.0042699864,0.00040082648,0.002403963,0.0027029885,-0.009177431,-0.0066737686,0.0022881534,-0.004477588,-0.0033092473,-0.00790252,-0.003068436,-0.0070681903,0.0073508723,0.005611909,0.006484084,0.0002622373,0.008022965,0.0036372552,0.008171997,-0.0074645337,-0.0023011907,-0.00836461,0.008786169,-0.007895303,0.0026480376,-0.0060404865,-0.008022591,-0.00061472814,0.0041316836,-0.0052697933,0.002394206,-0.0059580063,-0.009126819,-0.0010820559
0.00025418247,0.0066831894,-0.007490315,-0.00756131,0.009485222,-0.009126306,0.014037892,0.008407461,0.00017826165,0.009323587,0.0018798965,-0.007788149,0.0129203,0.0062996605,-0.003138287,-0.0075588957,-0.0083024455,-0.0077606537,0.0016893072,-0.009795539,-0.0034997526,-0.0021300586,-0.0050589633,-0.0025358929,-0.001331306,0.003855401,-0.002182886,-0.008209623,-0.009645898,0.0015735012,0.007619354,-0.0020959894,0.0020811392,-0.009053801,-0.0023876159,0.007970086,0.0011996707,0.010982136,0.009931214,0.00069760013,0.0028687771,-0.0012030803,0.0074143955,-0.0028896257,0.00041499952,0.0010837362,-0.002899477,-0.004398444,0.0008805343,-0.0044225636
0.0039248397,-0.006087985,-0.0081308205,-0.005093886,0.006204678,-0.009402937,0.007555098,-0.0070462907,0.0047868565,-0.0062205778,0.0034887725,-0.00818133,-0.00624524,0.0022005702,0.0010765519,-0.008325155,0.004468258,0.003615985,0.0068990835,0.0071988236,0.002204501,-0.0030276706,0.0034490838,0.0044310675,0.0023686793,-0.006812566,0.006723217,0.005140463,0.0028532092,0.008172978,0.0045882184,-0.007293751,0.0067032804,-0.010009572,-0.006466606,0.002546736,-0.008677818,-0.008182213,-0.008390395,-0.0011642523,-0.0051553193,-0.003574704,0.00044399663,0.009507503,0.010302455,-0.0074048648,-0.005105031,0.0037953367,0.008502472,0.008651582
-0.0029323339,0.0031991769,-0.0098009445,0.0015640538,0.003080344,-0.0027636604,0.0014294982,0.0029732776,0.005317095,0.00040832575,-0.008013904,-0.0028985376,0.0005032775,0.0056181895,0.0049254424,-0.00311664,-0.007645189,0.00018490049,0.0042860988,-0.0048846886,0.0065012896,-0.0031585784,0.001901062,0.00030016238,-0.008108576,0.0092894565,0.00655511,0.008058789,0.0022085393,0.002519893,-0.0023570713,-0.0059563955,0.006274275,0.008493991,-0.008423526,0.0072858613,0.0033050023,-0.00043983094,-0.009513615,-0.005163373,0.0020887633,-0.0018130238,0.005430653,0.0076132207,0.0061981925,0.0025601904,0.005898056,0.009539721,-0.0046073953,-0.0074358154
-0.0055092447,0.0016323611,0.0037855546,-0.009294448,-0.0047729313,0.0044827666,0.0074775172,0.0061827935,0.0063182362,0.002678695,-0.006526811,-0.0064456696,-0.00079702446,-0.006330994,-0.005246212,-0.0069781747,0.0012524908,-0.006325024,0.006248446,0.005928271,8.060896e-05,-0.005903832,-0.008329442,-0.0015485022,-0.008971533,0.0010763836,0.004938596,0.0028546383,-0.008898992,-0.0047592623,0.0023407761,-0.002716872,0.0052647456,0.007200675,0.0014358865,-0.00037971206,-0.0014498591,-0.005248463,0.0068666567,0.0070500015,0.0033180339,0.009576557,0.0037219117,-0.006964352,-0.00027196563,-0.0022681593,-0.008905425,0.0015243732,0.0019092822,0.008410687
-0.008687614,-0.00827017,0.0042802426,-0.0020449362,0.008304415,0.0036489945,-0.006892993,0.003227434,0.007730672,0.0002844066,0.003355467,0.003261487,-0.005592177,0.0081044715,0.0013516663,0.0054778424,-0.0043561533,-0.008080521,-0.0036400727,0.0035832466,-0.0011014678,-0.0013930085,0.009526387,0.00541658,-0.005334135,-2.1964526e-05,-0.010843695,0.005147742,-0.0055382457,-0.0010323118,0.0076674316,-0.0049490607,0.001678681,0.0045706593,-0.0015111852,-7.925613e-06,-0.0039015803,0.0041739573,-0.0048471508,-0.0069161924,-0.0050350577,-0.007473501,-0.004153505,0.001723128,-0.004736421,-0.008848282,-0.008313234,-0.0064948304,0.005250881,0.0055127167
0.0072389487,0.008171533,0.0012367135,-0.007458008,0.006974328,-0.0005467932,0.003478155,-0.0074027902,0.0071909167,-0.00858392,0.0031931875,0.0058859964,-0.0050878236,-0.0035623098,0.0027572275,-0.0075416337,-0.0057218634,0.005921279,0.008505915,0.00044924737,-0.0081454525,0.00091373763,0.007380908,0.009694442,-0.0058905,0.006040575,0.0050781597,0.0046856757,0.0039638127,-0.0037521175,-0.0058273054,0.0069445563,0.0023706334,-0.0030034652,0.007650978,0.0030588573,-0.0053611156,-0.0036001643,0.009246283,-0.006140297,0.0060652792,0.00034460225,0.004477301,0.0043645157,-0.0062337555,0.0025744897,-0.007594116,0.000344274,-0.00022779907,-0.009401931
0.00699109,-0.004516936,-0.00039257435,0.0032099017,-0.009056167,-0.0010630782,0.0042402656,-9.4268806e-05,0.006058991,-0.008423659,-0.001533737,-0.0060719266,0.009855473,-0.005256705,-0.006620352,0.009892716,0.0063474136,-0.0024196613,0.009350838,0.0021756273,-0.006940662,0.0037260456,0.008970153,-0.0014479092,0.004188313,0.00048520192,-0.0065901885,0.007200646,-0.0040224916,0.0028988724,0.0022635437,-0.004451252,0.006540218,0.0036301152,0.0007389023,0.0031014995,0.0020493246,0.0058721555,-0.0068938076,-0.007545512,0.008189034,0.0016224664,-0.00762894,-0.003921,-0.0066532707,-0.009608514,-0.009191473,-0.00604834,0.004258415,0.0005471448
-0.0050824964,0.0054968353,0.007389279,-0.009891096,0.007145174,-0.010829788,-0.0015737135,0.007133615,0.0037667921,0.010377925,-0.008560739,-0.003897927,0.009284864,0.010041062,0.0066516483,0.00447893,0.00961771,-0.008826678,0.0069756126,0.001249061,-0.0025344107,-0.0028543612,0.0026037563,0.007807844,0.0072245663,-0.009782888,-0.0063009695,-0.00032839357,-0.00555127,-0.002377911,0.0006450622,-0.0070270705,0.0041950806,-0.009340503,0.0030605204,0.007393826,-0.0045840195,-0.009297745,0.0016986079,-0.0022321038,-0.0057235598,0.0013389359,-0.0021436703,-0.0026244454,0.0034261206,0.00010466133,-0.0033253075,0.0011014746,0.0037417363,0.009765588
-0.005777343,0.0067138285,-0.009484187,0.0057266513,0.0033388508,0.0027451797,0.0057568955,0.0012544643,0.0044836365,-0.0020062511,-0.0070853615,0.0030214584,0.004163579,-0.0063203713,-0.008578159,-0.004696231,-0.0080838865,-0.007307717,-0.004167143,-0.004465555,0.007998099,-0.00029554596,0.009163935,-0.004845161,0.004950638,-0.0074245757,0.0020445357,0.002751042,0.0039756037,0.008004585,-0.008627575,-0.0009831064,0.0039942283,0.00814333,0.0065716133,-0.009847685,0.003218017,0.0017552724,0.001263214,0.007072646,-0.006894228,0.0077125505,-0.0065841563,-0.0012115373,0.0094219465,-0.0036826704,0.00079899165,-0.00019980785,-0.010169075,0.0003032334
0.004532593,0.006600923,-0.0032446417,0.007831898,-0.0019895376,0.005322015,0.0023581688,-0.008419515,0.0038506098,0.008585503,-0.0033551904,0.0017680855,-0.007079818,-0.00088440656,0.00821766,-0.008880189,0.0005601141,-0.0027714078,0.004840769,-0.00024484925,0.0037286747,0.009451201,-0.009207115,0.0005626531,0.0020321575,-0.0058346125,-0.0032585487,0.0019313924,-0.007281071,0.0054937694,0.00038118096,0.006001389,-0.0024014206,0.0058454834,-0.000384788,-0.0034459883,-0.0003934905,-0.0011603225,0.0056445454,-0.009095018,-0.0034009563,-0.0041119643,0.0031668446,0.0020233123,0.0066080317,-0.00495141,-0.0056620208,0.0028193295,0.008440817,-0.003789804
-0.0073821964,0.0047533726,-0.010984174,-0.005106364,0.0069286297,-0.012284681,0.010628289,-0.000603397,0.0055872407,-0.0035436077,0.0072999136,-0.0030484076,0.011464681,-0.010222903,0.0027068504,0.010843495,0.006894791,0.010835228,0.0058953147,-0.009157582,-0.013099848,0.0033403141,-0.007932991,0.0067036794,0.0056791343,-0.004663806,0.0013023341,-0.009287745,0.0007758192,0.007745079,0.0055101677,0.011200048,0.0024783656,0.0017595578,0.004054154,0.008925506,0.0025742073,0.009062947,0.0025852367,-0.003702693,-0.0030757813,-0.012263248,-0.0010176961,0.0014878523,-0.0051840404,-0.00076724257,-0.015150823,-0.00858003,0.0017030684,-0.008613477
-0.0051125484,0.0026669637,-0.0061784023,-0.0018163609,-0.006350913,0.0035097755,0.0030618717,-0.0017381655,-0.005128889,0.0053169588,-0.007567023,0.010140352,-0.0023281327,-0.007634881,0.0009841517,-0.0013438093,0.007631524,-0.0067118737,-0.0037730578,-0.010374503,-0.00054082164,-0.0068913996,0.008433845,-0.002332036,-0.0038859707,0.0032475283,-0.0023970043,0.008614529,-0.005520059,0.0087335585,-0.0049138977,-0.0017099367,0.010138677,0.0045196363,-0.009245406,0.009674651,0.0034158349,0.0044613946,-0.0034421543,-0.0033029313,0.00959077,0.0042481464,-0.0042358977,0.008981707,0.00012451697,-0.006197142,-0.0015797451,0.0045788097,0.008026464,0.008417382
-0.006086671,0.009952976,-0.004534993,0.0091813505,0.0029529769,0.0029093768,-0.0068185763,-0.0040952857,0.005360366,-0.001780527,0.0066092457,-0.0028012788,0.0041535506,0.0068183094,0.009372871,-0.008685489,-0.0065729627,0.0021417427,-0.009402515,-0.00295594,0.007896219,0.0025278397,-0.00890269,0.00943821,0.0010479819,0.00791951,0.0034387808,0.0056083435,-0.010063118,0.0072506308,-0.008005673,-0.0029417782,0.0030111999,0.0085344985,0.00934295,-0.008560985,0.0083181,-0.0002841548,0.0052009434,-0.001276198,0.0026077058,-0.0076996805,-0.008892893,-0.00698096,0.009030141,0.0002714457,-0.009635365,0.0024113418,0.007448892,-0.0046115527
-0.0035686276,-0.005735531,0.0053740973,-0.00041235922,-0.005749222,-0.0067166276,0.0006790773,-0.006825643,0.0089084795,0.0071980874,0.004409708,-0.007061644,0.009035342,0.009959315,0.0025834534,-0.009567698,0.008170567,0.0079001365,-0.00796444,-0.008718067,-0.003167529,0.0043143486,0.004570213,-0.0041753845,0.0028931731,0.0054752687,-0.005663367,-0.009424076,0.0064172354,0.0013155779,-0.003279648,0.0053113587,0.00675145,0.0067109866,-0.008314259,-0.004933518,-0.005456986,0.00921743,0.0019502451,0.002254962,-0.0072189295,0.000685698,0.008994139,0.0029045262,-0.003489285,0.0056055402,0.0006152172,0.0054571163,0.0018947547,0.002866397
0.00096233794,4.302047e-05,-0.0016933195,0.008025978,-0.0044143097,-0.008107437,0.0051542902,-0.0043853507,-0.0051192325,0.00043062502,0.0053894036,-0.00557813,0.00785058,0.0008699898,-0.008871021,-0.005364115,0.0020947785,-0.008255864,-0.0057346434,-0.00935562,0.009488218,0.009390211,-0.0020362376,0.009249774,-0.0036250532,0.0010433174,0.0012941262,0.0017445962,0.0068572764,0.003503289,0.0019850773,0.0052473038,0.0073011806,-0.006305934,0.0033593867,-0.0019251363,0.009655797,0.0012403674,-0.003987528,-0.0024030816,-0.006261843,0.009395669,0.0037261962,0.009759327,0.0037004594,-0.006823223,-0.007899209,0.009043626,-0.0060031367,0.0014608694
-0.011345175,0.0068183662,-0.0003628796,0.006111104,-0.006792195,-0.00017079759,-0.0060588,0.0037836155,0.00087424647,0.0015616734,-0.005696147,-0.002369664,-0.0008726449,0.00879902,-0.0014759856,-0.003612181,0.0015535183,0.00393387,-0.0063903,-0.005504287,-0.0065505444,0.0028719495,-0.0089448495,0.00040528536,0.003108155,-0.007798065,-0.008381026,-0.0045023924,0.0045489194,-0.0030143645,-0.005310983,0.00824841,0.009418423,-0.0067804484,-0.0031346157,-0.0015004616,-0.009319394,-0.009172798,-0.0031806394,-0.0014839802,0.0002879579,-0.003958871,-0.0042959577,0.0035814112,-0.005278784,0.009257064,0.0063012987,0.004467723,0.006911706,-0.010002043
0.004902979,-0.0010107434,-0.009398398,-0.009206106,0.0015493432,0.006872932,0.003585426,0.008657457,-8.295564e-05,-0.0015358762,0.006535255,-0.003392503,-0.0036940877,-0.004291306,0.005796035,-0.00648402,0.008040292,0.009850683,-0.0026898775,-0.0014159183,-0.003930413,-0.0029201552,0.001891991,0.0054230215,-0.0062059946,0.003381713,0.0044948105,-0.005271216,0.005391902,-0.002895616,0.004327295,0.007524627,0.004440586,-0.0033202956,0.0014756443,-0.00537329,-0.008748616,-0.0035483327,0.00079073856,-0.0035583393,0.006390879,-0.003525903,0.0033971805,-0.00939033,0.004583061,-0.0053541176,0.0025583706,0.0021934935,0.0051861075,-0.009296817
0.0067743654,-0.0030539273,0.0013787682,0.002877463,0.002426141,-0.0015256496,0.0029550802,0.0022281602,0.00926014,-0.005118357,0.005030775,-0.001275599,-0.0021499589,-0.0015273502,-0.0095296195,0.0090908585,-0.00844129,0.001251423,-0.006666215,-0.009532117,0.0053604445,-0.005649539,-0.004489293,-0.0073057576,-0.007869303,-0.0038960753,0.0026894005,0.0022183196,0.006416132,0.0013926867,-0.008262365,0.009892422,-0.0040634642,0.0014256998,-0.0030552223,0.0072329626,0.007868148,0.004186869,-0.0039587966,0.0046429574,0.009121599,-0.0054261843,-0.0047443057,-0.008774097,-0.0022762872,-0.007416539,-0.00028651956,0.0004221531,-0.008971572,0.0025241321
0.005641421,0.00995831,-0.00014805133,-0.007843128,-0.008608307,0.0068804813,0.004026167,0.0004552168,-0.006603399,0.010375733,-0.008727052,-0.001232824,0.00912451,0.005634062,0.0041530365,-0.0019176018,0.005508338,-0.001916559,0.009354253,0.0009280567,-0.0022614857,-0.0037709158,-0.0023102511,-0.0006079011,0.0015725107,-0.00654922,-0.008290934,-0.0024890911,-0.008818902,0.008657588,-0.0038854156,-0.006293697,0.009436711,0.0011737093,0.00762472,-0.00075763045,-0.0011401891,0.0019972874,-0.00079972425,-0.00492511,-0.003875869,-0.0022776227,0.006338032,0.0011813126,0.0015547936,-0.0033476055,-0.008206445,-0.00068618305,-0.005052416,-0.0020867428
-0.0073162764,0.0036464513,-0.00042906502,-0.0012955973,-0.0050731124,0.0048946985,-0.00195612,0.007835254,-0.008951578,-0.005698361,0.0018560801,-0.004487108,0.008089503,-0.006669788,0.002677479,-0.007971768,0.0071301614,-0.0035954348,-0.0064519234,0.0028489667,-0.0027187571,0.007712077,-0.01007844,-0.0053672553,0.003294214,-0.008185161,-0.008720755,-0.007283425,-0.007686465,-0.005183202,0.0020649978,0.002750638,0.0046151476,0.0011455165,0.008029079,0.0072266473,0.0048191175,0.00053450844,-0.008952142,-0.0010983042,0.0029072782,-0.002685358,0.00013466532,-0.002316433,0.00859799,-0.0012020434,-0.0021563875,0.000792831,-0.0010711441,-0.006648472
0.009806219,0.0044141915,0.0020479853,-0.0026872435,-0.0008254366,0.0049733026,-0.0039278697,-0.005139824,-0.004482622,0.006883022,-0.00030495363,-0.0033796367,0.0028121814,0.009001891,0.0017776246,-0.008567884,-0.0014954717,0.0074520526,-0.0023957314,0.0018714162,-0.0002482625,-0.006303713,0.0023445294,0.008164283,-0.0019358974,0.007989519,0.0021401925,0.00096844416,0.0046848715,0.0077794776,0.0027650003,-0.009943678,-0.0053005535,0.008156024,-0.003841941,0.005660918,-0.00840635,-0.008079855,0.009418682,0.00017683074,0.004238846,-0.009762585,-0.0035879447,-0.008063741,0.005435965,-0.0064151487,-0.008885169,-0.0072383564,0.00063968706,-0.007783437
0.0076443837,0.0044707363,-0.009094458,-0.0023330387,0.0061147735,-0.0022534821,-0.0029501873,0.008225037,0.0022014491,-0.0069108955,0.0074997945,0.0024906718,-0.0061063827,0.0038412027,-0.0031751695,0.0072573586,-0.0020501753,-0.0011175546,0.0027482817,-0.009237749,-0.007950562,0.0065571666,-0.0033923974,0.0062836646,-0.0008209751,-0.009465186,-0.00026814776,0.0032871296,0.008623102,-0.0072570965,-0.009416959,-0.0058176927,-0.0006018117,-0.005984114,0.0046836305,0.009894378,0.008500339,-0.0054261526,0.009561413,0.0045255893,-0.006385454,0.0005699459,0.0028171993,0.0027416782,0.009992081,-0.005218545,-0.00057446916,0.006583726,0.003653756,0.0026263157
-0.009327099,-0.0024204429,-0.002685881,0.00040958048,-0.00588335,0.00013561679,0.0022379665,-0.001945297,-0.0051920684,-0.0011314831,0.0033347995,-0.0041261674,0.0037325094,0.0041053193,0.0076841526,-0.0014482848,-0.0012135286,-0.0047228197,-0.006280615,-0.0021612656,0.0008417151,-0.0058935904,0.0008519694,-0.0016068496,0.0045507136,0.00644817,-0.0053627165,0.008973515,-0.008542438,0.00097242446,0.0067843585,-0.0021924283,0.0054489644,0.0027176628,-0.0038115436,-0.0033365353,-0.006229207,-0.0088022975,-0.0053366493,0.008416925,-0.001898399,0.004839716,-0.0048754797,-0.008369309,-0.0060801194,0.001888023,0.0053818733,-0.0016565125,0.0034220184,0.0026449207
0.008270891,-0.008453055,0.008286242,0.0016155718,0.008508312,-0.005045923,0.0010628247,-0.0032741781,-0.0081336275,-0.0024745797,0.008832709,-0.0034661358,0.00086283736,0.009024351,-0.009466061,0.004748798,0.0076654977,-0.008191861,0.008554515,-0.002842597,0.007989057,-0.009747623,0.009187011,-0.008625069,0.007587073,0.0059051095,0.007355944,0.00857499,0.0031105625,-0.0034020187,0.007841908,-0.0077311755,-0.0094087655,0.0077742767,-0.00435899,0.0053602653,0.004445403,0.0014560976,-0.0069937627,-0.008256073,-0.008313486,0.00025510768,0.003677358,0.008254242,-0.0035847963,0.0015779552,-0.007349627,0.0031832373,0.0065600844,0.007807166
0.0036600006,0.0016466129,-0.011944943,-0.012857111,0.0021375334,-0.00088795257,-0.002205044,0.0073841736,0.0050154775,-0.0018629582,0.005041336,0.009984339,-0.003238282,0.008672949,-0.008990577,0.00884082,0.0094809495,-0.008178624,-0.0055460352,-0.001398884,-0.011974297,0.0006014505,-0.009754556,-0.0083382595,-0.0011478368,0.00096177694,0.0013101621,-0.0093968455,-0.0096616605,0.0051807393,-0.00021285581,-0.0053046653,0.0057839383,-0.0077088657,-0.009951405,0.006412713,0.0050726524,-0.0006887256,-0.0019228634,-0.0008217023,0.0037217967,-0.014161531,-0.0020766591,0.0024259347,0.009060232,-0.0046127765,-0.0060351705,-0.0113435695,-0.0089684,0.0020662858
0.001545606,0.0028468913,-0.00657431,-0.009029009,-0.0037914144,-0.008785832,0.0045011486,0.009879535,-0.00902692,-0.0010198432,0.008193174,0.00596745,0.0059916056,-0.005042061,-0.008426618,0.0061306483,-0.00010897601,-0.0030619397,0.0054919748,0.008322306,0.0062619415,-0.006816162,0.0072674183,-0.009465423,0.0039086663,0.008664309,-0.00912184,0.0036605797,0.0038499665,0.0037221233,0.004204382,-0.002386477,-0.0072831237,0.0028493528,-0.010175112,0.0059695854,0.008572657,0.0032597424,-0.0028968565,-0.0065254737,0.0066922815,-0.0028336567,-0.0028242616,-0.0027121666,-0.008924392,0.0070565413,-0.0036283773,0.008078958,-0.0032449572,0.009451063
0.0031727033,0.0010757388,0.0011896351,0.0081798695,0.00530951,-0.0011526527,0.0034243145,0.0028543544,0.008656468,0.009670077,0.007964897,-0.0038887511,-0.0024088847,-0.004804768,0.0052313083,-0.002835099,0.0021765584,0.006166419,-0.009666427,0.007102436,0.0033129142,0.0044639446,0.009137556,0.007237041,0.005173282,0.0029932386,-0.0099257855,0.002526246,-0.0050708544,-0.0012505987,-0.005387021,-0.0060797688,0.0036043995,-0.007974311,0.0071553965,0.0011190816,-0.008635737,-0.0057047782,0.008218882,0.0035437993,0.004530211,-0.0015783826,-0.0036451886,-0.007187514,-0.006955277,-0.0048320214,0.0005157184,-0.0013110169,0.004602363,0.003980527
0.008475663,-0.00618627,-0.0032146866,0.0024152314,-0.007187205,0.0065664984,2.4903624e-05,0.0056880047,-0.00047407323,0.0034584843,-0.008381348,0.0059074047,0.0054576364,-0.0073136245,0.0063235066,-0.0092079025,0.0034833169,-0.005068594,-0.0070748567,0.0022025204,-0.007376273,-0.0017981218,0.0068316073,0.004080354,-0.007941132,-0.008517085,0.0024274122,-0.0075513264,0.00571054,0.0005507624,0.0021383553,-0.0013495627,0.008820799,-0.007994177,-0.009464694,-0.005636747,-0.008871886,-0.008383642,-0.0066808746,-0.00751713,0.007893199,0.004345021,0.0034753883,0.009558442,-0.009059744,-0.0019705289,-0.007698633,0.0038198552,0.0023674592,-0.002686062
0.0065925634,0.0012428795,0.0032830737,-0.003807881,-0.004131775,-0.009331122,-0.0061799954,0.006213792,-0.0032305794,0.0010108524,0.0046345675,-0.008848125,0.0042691357,-0.006840909,0.008372437,-0.004603394,-0.006757717,0.0027857414,0.006008381,-0.0018488921,-0.0009844963,-0.009873546,0.007843076,-0.00800148,0.0069196704,-0.0014627023,-0.0051786057,0.0031097129,0.0028026153,0.008625855,0.0009490264,0.0009705698,0.008851894,-0.008794686,-0.0083811125,0.008640358,-0.002624228,0.0054970863,-0.0006499162,0.0076781097,-0.0061343294,-0.004340659,-0.007121291,-0.0027779813,-0.009770355,-0.007824118,0.0024083785,-0.0024296592,-0.004085703,-0.00072502746
0.007118922,0.0105527295,-0.0040844637,0.0012257802,0.007848869,0.001737609,-0.0075459178,0.0081555,0.0061757206,0.0050663105,0.0053587253,0.0075492407,-0.0067993654,-0.0002309972,-0.006583387,0.007836346,-0.006374483,0.0065025818,-0.010433906,-0.010051493,-0.0115462085,-0.005651926,-0.0018383786,-0.0007030161,0.009166492,-0.009326468,-0.011365261,0.0022850293,-0.0063581904,0.0012709699,-0.0045695663,-0.007604963,-0.0072113844,-0.0013273085,-0.0005973507,-0.0032978843,-0.00064908934,0.004727569,0.00095467974,-0.006478421,-0.00274799,-0.00024005631,-0.010168929,-0.00015483856,-0.005382748,0.006547324,0.001377044,-0.0039521777,-0.0031662132,-0.008891458
0.007560631,0.0033236626,0.008603088,-0.0004653542,-0.0025376582,-0.010834404,-0.0033985649,-0.0046066833,-0.0009210032,0.0036781046,0.004992527,-0.007960115,-0.004248092,0.00328218,-0.006455312,0.008549691,0.0049753,0.0008506992,0.00480385,0.00601593,-0.010330855,0.0057333624,-0.0097578885,0.0014592645,-0.009082408,-0.0056397417,-0.0049811183,-0.004300117,-0.005906284,0.0030791797,-0.009212462,0.0028582707,3.9658098e-05,0.0021001233,0.006364829,-0.008720996,-0.003178615,0.004064704,0.0045786155,0.0027713166,0.005961092,-0.010505664,-0.0073487,0.0027054546,0.0078100218,0.007567289,0.004158525,0.0003846516,-0.003396497,0.0010820305
-0.009987256,0.0031401247,0.0065105106,-0.0036864434,-0.0043945354,0.0062973737,0.0045007025,-0.005799872,0.0069275205,0.007914542,-0.0037496036,-0.00283451,0.009726786,0.0021966333,-0.0025193898,-0.0014464747,-0.0021355934,0.008328389,-0.004390676,0.0070596826,-0.00031443618,0.0085203275,-0.0030891187,-0.008227168,0.009426679,-0.001106994,0.0029669441,0.0069318996,-0.0056405948,-0.009567073,0.001454839,0.006939088,0.0009810762,-0.0051441565,-0.00018989715,0.008647857,-0.0075465906,0.006964109,0.0055345725,0.0028844846,0.003021356,-0.0057887677,-0.0024941815,0.0053944835,0.0068633803,-0.0062010083,0.0041979523,0.0005328213,0.0065048146,-0.0028750123
0.0023677817,-0.004406517,0.009784553,0.007718244,0.0075314376,0.0016541622,0.0012973977,0.005890697,-0.0068003875,6.421679e-05,-0.007053282,0.007821128,-0.0018334846,-0.0011630902,-0.008254233,-0.006844112,0.003251213,-1.807844e-05,0.00759565,0.0005281001,0.008130691,-0.009670038,-0.007317482,-0.004298094,0.005886228,0.0036141775,0.0069071297,0.0099037355,-0.007790277,-0.002048085,0.0069162464,-0.00039299263,0.0022919178,0.0048436574,-0.0060893125,0.0021399471,0.00022927886,0.007826566,-0.0035694768,-0.007902908,-0.0042747743,-0.0052575036,0.005888639,0.008055899,-0.0020594455,0.005293565,0.004967911,0.0037725258,0.003695335,0.009406233
-0.0032634975,-0.009602055,0.004571454,0.008095872,-0.007929817,0.002520221,-0.00074660097,0.0068548084,0.00840416,4.869032e-05,0.006021015,-0.009854899,-0.004624961,0.008274792,-0.0017219294,-0.0058166767,-0.0024830336,-0.0074991444,-0.00771233,0.0099009825,-0.007473426,-0.00040186103,-0.0049259095,-0.0015032397,-0.0014628745,0.004708752,0.0017127895,-0.0031832343,-0.0019563898,-0.004308212,-0.006998404,-0.00070782827,0.0024823742,-8.091537e-05,-0.0027161425,-0.008839249,-0.008687732,-0.0075253206,0.0030316657,-0.009027064,-0.0009020949,0.0071370658,-0.0048918603,0.00058150914,-0.0054078694,0.009154028,0.008083634,0.0015424178,-0.0061987326,-0.008461626
-0.008316081,0.0005057254,-0.009802768,0.007499981,-0.0059569017,-0.0023324785,0.009080159,0.00864943,-0.0004899553,-0.0067135245,0.0036649813,0.006365187,-0.00029399022,-0.0066958396,-0.008078308,0.008158331,-0.007919178,0.005109537,-0.007444056,-0.00707329,-0.0054524536,0.0030834132,-0.008068745,0.0050354945,-0.0019510827,-0.0073074168,0.006314884,-0.0020223355,-0.0023474123,-0.009233202,0.0023303314,0.001618186,0.0009036785,-0.0050612013,0.0059673823,0.0052671195,0.003330688,-0.00044763763,0.0066342675,0.0067901076,-0.0024844396,0.0068115643,-0.0029443176,-0.00031981285,-0.0054722573,-0.0063313,0.0049992003,-0.0020851984,0.0004199817,-0.003959225
0.0084967,-0.0038359829,0.002031316,-0.00028514495,0.010661628,0.0006104908,-0.00026068246,-0.0013930093,-0.006906762,0.0011397948,-0.00238204,-0.008020173,0.007931669,0.009562109,-0.00028539795,0.0065113953,0.0058720587,-0.008327179,0.0024685909,0.0022933686,-0.010653799,0.00040909118,0.007976265,0.009233949,-0.0070371325,0.0011542729,-0.007703267,0.0053237905,0.008736417,0.008938002,-0.0050770985,0.003646614,-0.0011520181,0.0006590485,-0.003907368,-0.008639486,-0.009229278,0.009828075,0.0052030543,0.0048302575,0.004269018,-0.0013628361,0.0031121355,0.0065684607,-0.0056604175,-0.009121286,-0.01000829,0.00433264,0.00928887,0.0036629625
-0.001723959,0.012983026,0.0027678702,-0.0062080473,-8.62524e-05,-0.00011176916,0.011694964,-0.0020772985,0.0010333585,0.00087307265,-0.0049798684,-0.005638517,0.0023805401,-0.0017959678,0.000728198,0.008218749,0.0034615349,0.0026255285,-0.003914922,-0.010856955,-0.004542844,0.003137812,0.0026148427,-0.0077748834,0.0031229055,0.0044739894,0.0072551942,0.0005902352,-0.0006710141,-0.009932345,-0.0017395683,-0.00092197704,-0.0006505215,0.0037525783,0.0027336816,0.011115675,-0.0028907417,0.00475716,0.008886107,-0.0028491465,-0.003504917,-0.0059721423,-0.00041001884,0.0072337054,-0.008470173,0.010186843,-0.008441147,-0.0055580693,-0.0016673967,-0.005584904
0.0023723887,0.0013855197,0.00049928523,0.0026927525,-0.0058970945,-0.003176177,0.00040905038,0.008773177,0.008338224,-0.0023291332,-0.0071078427,0.0059412415,0.0088385,0.005931835,0.008552335,-0.00085068436,0.0072015407,-0.00055772276,-0.0055136415,-0.003893987,-0.00055923196,0.011299663,0.004508431,-0.0036032652,-3.8757462e-05,-0.0074362056,-0.009710726,0.0073296097,0.0093524745,0.0019125263,0.00585145,0.008315068,0.000119931065,0.007918056,-0.001564483,0.002143478,0.00478671,-0.0012007536,0.0060090884,-0.006252564,-0.0072499714,-0.0046600853,-0.0012630323,-0.005764524,0.005802162,-0.0088711195,-0.00062729366,0.0011517314,0.0067217737,0.0004585251
0.00073265965,-0.0026212092,0.0027794181,-0.0026127875,0.0069229817,0.001563317,0.009406553,0.0054633277,0.0022251955,-0.006430867,0.0012406729,0.0047612973,0.0015701997,0.0069650896,-0.0064471853,-0.00022600924,-0.0052240766,-0.0007558464,0.0046348944,-0.0059790863,-0.010024901,-0.0073293415,0.007158462,-0.00023440896,-0.00087177596,-0.009426595,-0.004829612,0.0008134276,0.005447341,-0.008777728,-0.00719893,-0.0011795255,-0.0049830573,0.002102906,-0.00412804,0.007840063,0.0048071337,0.0068149287,-0.00069450313,0.0027632315,-0.0025840676,0.0007632955,-0.0068495325,-0.0034998283,-0.0013514666,-0.007735237,-0.0023724162,-0.0052646333,-2.6463682e-05,-0.0076141283
0.0065135495,0.007869747,0.0024245735,0.0005662234,-0.0038494302,-0.009471037,-0.0020578266,-0.0023871795,0.008647659,0.008123854,0.0019070879,0.0044873273,0.0046395445,-0.0025198546,-0.0017437463,-0.007952546,0.009676177,-0.0039553847,0.0012652721,0.0040737996,0.0054053045,0.0016793201,-0.0044547627,0.005444191,-0.0032592434,-0.001520181,0.00854889,0.009514628,0.007267816,-0.009054991,0.004080402,-0.007574482,-0.009806166,-0.0073586567,-0.005461814,0.008322025,-0.0027636846,0.002933025,0.0067014634,0.002554386,0.0021233517,0.0046512857,0.0039957967,0.0037031833,-0.00018136876,0.0060748863,-0.0027269104,-0.007208201,0.0065641855,-0.0060459077
-0.011314796,0.0039332462,0.007188378,-0.0065437495,0.004692689,-0.015005615,-0.0039441744,0.00860987,-0.0021571058,0.0044035874,0.005780728,0.0014615031,0.011104202,0.0072402735,0.0013557699,0.00032857212,0.00284952,0.0039395317,-0.0038046588,-0.0036494676,-0.0056499206,-0.0057813255,0.0057512657,-0.0038402954,0.0018629619,0.002953377,0.0034998336,-0.007779598,0.00082686794,0.006658439,0.01168427,0.0032714414,0.0066546765,-0.0013791267,-0.0042567197,-0.006057244,0.004730427,0.010072912,0.000757707,-0.005408183,0.0019297231,0.0028102254,0.0017007274,-0.007352872,0.006040839,0.0019094624,-0.0013904762,-0.0014033968,-0.006876374,-0.0005585167
-0.0014685548,-0.0070526516,0.00914711,0.0023190961,0.006958482,-0.004273542,0.0004756349,0.0073651485,0.0010572195,0.00914871,-0.009846447,0.0014140456,0.008232091,0.0098796515,0.0028639715,-0.0069847708,0.0005553151,-0.0042939917,0.0068497057,-0.008862481,0.0050988654,0.0031287647,-0.0025141742,-0.005482697,0.002170453,4.2122494e-05,0.0064307437,0.008851397,0.0077443593,0.0041291863,-0.007352664,-0.0022261993,0.0044453004,-0.0044201855,0.008991029,-0.007873274,-0.00916277,-0.0046866867,0.0051067895,-0.0065803616,0.0067434227,-0.00807,-0.0073474976,-0.0015806854,-0.009215563,-0.0076786997,-0.006808039,0.002087694,0.0008599193,0.0011633948
-0.0074220235,0.0066043893,-0.0031303577,0.005294872,-0.003679271,-0.00701921,-0.0072584827,-0.007879071,-0.0058356742,-0.003805389,-0.00692044,-0.008172721,0.00054942945,0.0065965015,-0.0033404122,0.0003390404,-0.008562207,0.0048667854,-0.007160012,0.005081724,-0.002395539,-0.0029813503,-0.0065607717,-0.0048896368,-0.006873482,0.00830742,-0.0033910729,-0.00068094936,-0.0033194462,0.002989881,0.0033090846,0.0024812906,0.00022829777,-0.003991293,-0.0072563738,-0.00449766,0.004163477,0.0026647323,0.0024253523,-0.0074748034,0.0055128536,0.0010560256,-0.008912817,0.0018331273,0.0051205573,-0.0077597825,-0.003639092,0.0045012766,0.0069182063,-0.0075274585
-0.0053242766,-0.008028961,-0.0013445163,-0.0027262499,-0.00040491985,-0.0023143757,0.0028444633,0.0015305816,0.0035128887,-0.0064437017,0.004175731,0.001102143,0.00903134,0.004464024,-0.006132861,0.005250451,0.007340847,-0.00085511303,-0.0009890891,-0.0014777693,-0.005426902,0.008280396,0.0060983445,0.0010372608,0.0055716946,0.0012184753,-0.0065271463,0.005160319,-0.009873381,-0.0037895914,-0.0036012896,0.00067412003,-0.0078888675,-0.0036185258,0.0032018623,0.0033900742,0.00270223,0.0009972453,0.0060795075,-0.0016632574,-0.008438646,-0.005252436,0.0025212876,0.0023880594,0.00084912305,0.0011201125,0.008451027,-0.001803992,-0.002380237,-0.009258708
0.005801029,-0.0056679966,0.0042334897,0.009038791,-0.0025983658,0.008482953,0.00027542916,0.009466754,-0.008042199,-7.8861776e-05,-0.003092252,0.0077506877,0.009111074,-0.0006598531,0.0074981446,-0.0070859194,-0.00029577306,-0.0047195666,-0.008486677,-0.0077830357,-0.0026174122,0.0011368269,-0.0029178981,-0.0074956506,-0.00028097673,0.008413997,-0.0045934953,-0.0072615333,0.006690627,-0.004485621,-0.0017056952,-0.0017765255,-0.0071646995,-0.008155367,-0.004964595,-0.0046404228,-0.0016947179,0.004349886,-0.0046154526,0.0064293803,0.006637726,0.003453411,0.008743561,0.008317807,0.004473654,0.0074770385,0.0059589506,0.0060423175,0.002201615,0.00432538
-0.0125534255,-0.0001950155,-7.522603e-05,-0.009763138,0.012804353,-0.0071244324,0.006635073,-0.0048459293,-0.0015790835,0.0039567803,-0.0028535926,-0.002264554,0.013783079,0.0046178005,0.008771101,0.008035486,-0.003630629,-0.0071789566,-0.0035750582,-0.00408759,-0.0095405225,0.012691665,-0.0077030333,-0.0035469502,0.011083262,-0.0077010226,0.0032404594,-0.0061796685,0.005193448,0.0021564546,0.005447086,0.0024533216,-0.00035334518,-0.008408907,-0.006404024,0.011580652,0.006438347,-0.0045804484,0.008644338,0.007416309,0.004344741,-0.0021347355,-0.0057122083,-0.006916534,-0.006456867,0.002605663,-0.009094184,-0.0019851767,-0.0075854296,5.6883273e-06
0.0070924875,-0.0010045423,-0.004450382,-0.007910434,-0.0003523689,-0.008526563,0.0039213607,0.0059994655,0.00010720092,-0.0038036571,0.0032877733,-0.008491549,-0.0013666808,0.0028717243,0.006354166,0.008208064,-0.003272041,0.0060680215,0.00039354368,0.00012144718,-0.004812861,-0.0066237366,-0.0035145902,-0.0061236336,0.008944623,-0.0043631247,-0.008318297,0.006194265,0.007647261,-0.0019596058,-0.007482483,0.0016290774,0.004059693,0.0037653814,-0.00529023,-0.0063402974,0.00088884064,-0.004359154,0.006618407,0.008486972,-0.009914104,0.004518092,0.0032176264,0.002355118,-0.0027490498,-0.0025877636,0.007617708,-0.0043151584,0.0055069495,-0.0038483883
-0.011220838,0.0049864855,-0.0040233075,0.0076570865,-0.0080927145,-0.0065982584,0.0021730342,0.0007484126,0.0071274,-0.0055895015,6.997015e-05,0.004460664,-0.00083988183,0.00021411254,0.005157142,-0.0027503823,0.004361423,0.0073239985,0.005367507,0.0070176506,-0.006377002,0.008342284,-0.0039881477,0.0059975754,-0.005451492,0.0041010594,-0.00089360774,-0.003288538,0.00046912537,-0.0068852436,0.0033206115,0.001537823,0.008887482,0.0027540696,0.008892347,0.0036360181,-0.008479006,-0.0054533505,0.0039338837,0.0051693395,-0.0044848802,0.0055496288,0.004119398,-0.0092880875,0.0004176798,-0.004530306,-0.004380784,-0.0036370729,0.001143522,0.009109585
0.0009838471,-0.0037570568,-0.006119005,0.00091968314,-0.008958919,0.0011720039,0.0057208217,0.0033063486,0.009886022,-0.0045600464,0.0031110006,0.0057675624,-0.009621297,0.008631412,0.008400774,0.0014162343,-0.006249479,-0.0039140675,-0.0057159285,-0.008876204,0.00709475,0.009819725,0.006628896,-0.0039204415,-0.007849499,-0.0004289832,-0.00014007968,-0.004445919,-0.0030546582,-0.007144275,-0.0018118053,0.0058760247,0.009334525,0.00014737477,-0.009880112,0.005352416,0.0051764757,-0.007617703,-0.0040434124,-0.0059091337,-0.0013274202,0.009561515,0.0033825825,0.0001020678,0.002264329,0.008686129,-0.007199942,0.0011177134,0.0030520419,0.007913291
-0.004270911,-0.0017918341,-0.008879735,-0.0074585946,0.0035458037,-0.0043574646,0.0020130356,0.01160571,0.010083789,0.010640669,-0.0042003146,0.0066237235,0.008210053,-0.010095429,0.009577932,0.004507936,-0.005480187,0.002798741,-0.0033237776,0.0007523563,-0.002380152,-0.002355367,0.0052544195,0.009218109,-0.0055572065,-0.0039611394,0.00441111,-0.0037296824,-0.007894554,0.00043358293,-0.0064002005,0.0061752903,-0.002305388,0.0071012746,0.0022161135,-0.0044196183,-0.007044512,0.0029232583,-0.0025250157,0.009012296,-0.0025815177,0.007734335,-0.0015464849,-0.004337183,0.0018496756,0.009568299,-0.009627572,0.006142345,0.0061646597,-0.00023835659
0.0040347115,-0.0027001733,0.006131225,-0.0071968213,0.0006765885,-0.008325086,0.0073201857,0.0056740693,0.0047245845,0.009033996,0.008226823,0.0090967165,0.0049879374,-0.004889774,0.008778875,-0.0056910636,-0.009257593,-0.009072013,-0.005305568,0.009881815,0.0061644297,0.0010035144,0.005398352,0.0013970498,-0.0014744268,-0.0016778248,0.00182733,0.0019311212,-0.0058135707,0.002014352,0.0027253462,0.0038848983,-0.0013443382,0.007572625,0.007229135,-0.007961931,-0.009044059,0.007886873,-0.009535566,0.003324767,-0.0067097167,0.0016339751,0.001677654,-0.002016276,-0.0055558044,0.0057373624,0.0015718488,0.005547843,0.0063709086,0.0022926915
0.0010786655,0.007861481,-0.00237307,-0.010412897,-0.0011706337,0.006893106,-0.0020557328,-0.008218872,0.0044598524,-0.0004474096,0.0042090523,0.009601794,0.008284388,0.00072445197,0.0051272926,0.0051417346,-0.0023587327,0.003939281,0.0032008947,0.0026735684,-0.009145523,0.0021297275,-0.0064674537,-0.008938746,0.0027986676,-0.006605558,0.0022028142,-0.00057945476,-0.0051859543,-0.0070872824,0.008071431,-0.004486715,0.0095588835,0.004476203,-0.0023674525,0.0052482253,0.006015085,0.0014490357,-0.0013460076,0.005021454,-0.0073645716,-0.002943226,-0.0041841147,-0.0069311517,0.00039026755,-0.0035961426,0.00029684734,-0.009276896,-0.005999415,0.0014080068
-0.0016779376,-0.007381044,-0.004298161,-0.0027157713,0.0047620796,0.004905945,-0.0037190814,-0.0031549712,-0.009662881,-0.0059634936,0.009792312,-0.0009403353,-0.0016911046,-0.0017753222,0.0021373385,-0.0076126712,0.003907506,0.0003394522,3.610049e-05,-0.0059992545,0.0003182711,-0.0072540147,0.006969188,-0.0038689866,0.008500652,-0.008047518,0.0018991722,0.0070213447,-0.0082720835,-0.008810173,0.002062002,-0.0070821876,0.005870106,0.00036607042,-0.0063190265,0.0039477968,-0.0058083073,-0.008364824,-6.358324e-06,0.0016514531,0.008831421,0.007314776,-0.009947295,0.0010134144,-0.0034817283,0.0032023746,0.009568986,-0.00095296156,0.009573756,0.0069073336
-0.008969497,-0.0065146345,-0.006099842,-0.005569357,0.0032899408,-0.009415957,0.0070420806,-0.0014242914,0.002491069,-0.00818804,0.009305477,0.009587041,0.008521818,0.008211564,0.004108222,-0.00011204599,-0.0052163512,-0.004035388,-0.0041296287,-0.006403015,-0.0040353267,0.009292084,-0.0004852346,-0.0057365173,-0.0046765665,0.0004157656,0.006508624,-0.008920315,-0.0026869988,-0.007864062,0.009315577,0.0093582375,-0.0050280234,-0.0073578195,0.008659777,-0.0025181752,0.0066659283,-0.0018435272,-0.0024991722,0.007475175,0.005854698,0.006549912,0.008947325,-0.008703772,0.0038215804,-0.0065242937,-0.0027058863,-0.0033388576,-0.0037652142,0.0069809766
0.00609559,0.010731233,-0.009904239,0.008420011,0.0037302666,0.005521947,-0.0077897874,0.005690778,-0.0049223094,0.005572229,-0.0059512546,0.0014790826,0.0044403765,0.001981679,0.002387087,-0.0045204726,0.007570291,0.0032616518,0.0057639573,0.008672701,0.006630397,0.0064177965,-0.0097216,0.005088945,-0.0001957517,0.006737916,-0.010373469,0.007169034,0.009085241,0.00021533584,-0.004067272,-0.004647136,0.007357368,-0.009777957,-7.0884365e-05,-0.0004666469,0.008752024,-0.00655857,-0.0056709317,0.0051522586,-0.0062714336,0.0051506725,0.008713554,-0.00073424977,-0.0010784391,0.008580642,-0.0013096363,-0.0029980922,-0.0030972576,0.009512419
0.0047049816,0.00016450147,0.005808051,-0.0046391855,-0.0052930214,-0.010735678,0.0071318545,0.012509366,0.01007554,0.0127049405,0.0059859077,-0.0034852282,0.004666628,8.090952e-05,-0.0045066318,0.010091131,0.0014995836,-0.008431445,-0.0105435485,0.0074818344,-0.0005009251,0.013214846,0.006486123,0.0066922726,0.0043558134,-0.007272187,0.005310127,0.004734567,0.0038094947,0.0010839021,0.010084646,-0.0057680407,0.010351232,-0.011164914,-0.0093249325,0.001762515,-0.0021134822,0.0018580746,-0.0010333122,-0.0075998693,-0.0038700406,0.0029447046,0.0016983013,-0.0003396518,0.0029456276,0.006253343,-0.011849056,0.0009519108,-0.011420269,0.0071155597
-0.002688017,-0.000597378,0.0031186924,0.008513256,0.0039069373,-0.0038145361,0.0065556616,-0.00028352125,-0.0033949874,-0.004932487,-0.007960446,0.0025837065,0.0043347436,0.007656771,-0.00039606795,0.0060381056,6.9883165e-05,0.0026437487,0.002503158,0.00240861,0.00418632,-0.0036820949,-0.007802233,-0.0028793702,-0.0055944896,0.0013558815,-0.0021832148,0.0020010995,0.0040059574,-0.0008042896,-0.0059991265,0.0041099074,0.00694978,-0.0031423254,0.003288712,0.0016876872,-0.007722722,-0.008698771,-0.009515463,0.0086486405,0.0043877754,-0.0062111123,-0.003611525,0.003970287,-0.006383386,0.001964967,-0.0024441746,-0.0007363973,-0.0024463097,0.0051888344
-0.0049669747,-0.0050183884,-0.009912311,0.0087116705,-0.003288995,-0.00047883994,-0.004072571,-0.00098386,-0.0027029135,-0.0011814827,0.007861138,0.00045789962,0.0005953551,-0.006675156,0.0018349495,0.0010460409,0.0011785792,0.006361825,-0.005218709,-0.0077781477,-0.0049578785,-0.008771511,-0.00068972196,-0.0011177843,-0.004722539,0.009518457,-0.003476549,-0.0035115392,-0.009921268,0.0015102855,0.0021048987,0.003571168,0.008048558,-0.0035371962,-0.005698547,0.008245288,-0.009598399,6.1407816e-05,0.005622802,-0.009313468,0.0051294416,-0.0070873927,-0.006498071,-0.008374163,0.0016509019,-0.005105693,0.0008900477,-0.0041415375,-0.003432361,0.00073234545
-0.004794314,0.0038094057,-0.0065428144,-0.008561421,0.0018387771,0.0021190904,0.0022518744,-0.0025710573,-0.0023669007,-0.007813556,0.0003389168,-0.004475213,-0.005908587,-0.0043913857,-0.0043230066,0.0074895523,-0.0059757945,0.0013123828,0.0021564416,0.005689555,0.0090521285,0.008969098,-0.008611447,0.004492253,-0.0071692765,-0.00072684546,-0.0033867725,0.0009322272,0.008634652,-0.007198296,-0.001009486,-0.0023202735,-0.007285696,-0.002654465,-0.009391392,0.0029818593,-0.007965619,-0.004722236,0.00665221,0.0001365028,-0.008794668,0.0059954254,0.0040800213,0.008164075,1.0391098e-05,0.008323896,-0.00857691,-0.0050382153,-0.002154531,0.009742425
0.004357507,0.007753536,0.0057477024,-0.009371226,-0.0062272544,-0.0042772368,-0.0052062776,0.0040559224,0.0037820875,-0.004248488,0.0001689659,-0.0029422096,0.0084642535,0.0083854785,-0.0009765522,-0.0091985725,0.0042221393,0.007855407,0.00459796,3.6875852e-05,0.0013547934,0.0009068307,-0.0026091994,-0.0011325724,-0.0058915266,0.0034528738,0.0005378793,-0.0061833095,-0.008329425,0.0003163612,0.0031471225,-0.008288338,0.0003507591,0.007478878,-0.0067435913,0.006048961,0.00028221964,-0.0014813896,0.0056586335,0.0012482705,0.00036046887,-0.0018918016,-0.0022143666,0.008170033,0.00033370827,0.004569247,0.0006950609,-0.009013946,0.007354752,0.0024099124
0.0019734222,0.004218906,-0.006964475,0.0001708495,0.0042739264,-0.004732591,0.0016010173,-0.0046930043,-0.008524244,0.011568355,-0.004058237,-0.005604643,0.004926141,-0.008382334,-0.0047526704,0.0031083624,-0.0063949404,0.0052381167,0.005825188,0.007512358,0.0010094915,-0.0028812685,0.0012261474,-0.000948766,0.004805757,-0.003621771,-0.0047414047,0.008332217,-0.006063723,-0.005149082,0.004684516,0.006760435,-0.005317092,0.007427798,0.009536292,-0.0015466339,-0.0017667833,-0.007944735,-0.009007194,0.0020653908,0.0069385697,0.005874764,0.0056319362,-0.0032825423,0.003882055,0.0032895235,0.000112788286,0.00030304273,0.0005224817,-0.0050392123
0.0013863937,-0.00048244887,0.003906847,-0.00959526,0.0040541897,-0.0035330863,0.0033922258,0.0059251296,0.002605181,0.010961196,-0.0028105364,-0.0050957524,-0.005467411,-0.0013271982,-0.0025175011,-0.008194262,-0.00413795,-0.0003693089,0.0025234087,-0.0036353774,0.0045466023,-0.006182388,-0.0054429416,0.00048919267,0.00095246657,-0.0014027298,-0.009367428,-0.001475555,-0.0030462462,-0.004453179,-0.0011912815,-0.0031078116,-0.0031952271,0.007760159,0.0021978964,0.0047861002,0.00558965,-0.0066781202,0.006891126,0.0035141762,-0.005074983,-0.0017884715,-0.0025683925,0.0021999718,0.0027366201,-0.0035197677,0.0034535509,-0.0057849,0.007182402,0.0060009803
-0.00580714,-0.004658467,-0.0079202745,-0.0004940172,0.0012237924,-0.0043754913,-0.0072882124,-0.00571961,-0.007792237,0.008611963,0.008591321,0.00095238985,-0.008428484,-0.007213608,-0.0076516396,0.0011783908,0.0032335182,-0.004058304,-0.001533476,0.009406947,-3.3997512e-05,0.006254169,0.007315167,-0.004337859,-0.0027328283,-0.0045166444,-0.002026237,-0.0021314255,0.009448214,-0.006492384,0.008453016,0.004078169,-0.0016276317,-0.0017510093,-0.0059962235,0.008869042,0.008200325,-0.0077766324,0.0037020005,0.0015573836,-0.004350881,0.008715571,-0.009778967,0.009738323,0.009977328,-0.0043625296,0.0071971677,-0.0005582795,0.0024804533,0.0020131043
0.007701475,-0.0022801221,-0.001131718,0.0073236073,0.003840458,-0.0037778437,0.008976103,-0.0011969276,0.0031483073,0.0009659825,0.0101754535,-0.003167778,0.0037156674,-0.0087199565,-0.006259714,-0.009198717,-0.0063069733,0.0047910265,-0.010026185,-9.3094175e-05,0.006495071,0.003307651,-0.007344999,-0.0010177975,-0.0012452075,0.0072168293,0.0013124333,0.007849814,-0.0009754523,-0.0013975679,-0.0054338146,0.004727658,0.009032884,-0.0068587456,-0.0019685982,-0.00021801956,-0.009597438,0.009343213,-0.0024956812,-0.0035954046,-0.002475163,-0.004789177,-0.002703799,-0.007073553,-0.009015646,-0.009183337,0.0069641336,-0.0029549731,-0.008358778,0.005515514
0.0054978128,-0.0021276097,-0.0023260629,0.005540876,0.006399175,0.002216467,-0.006145481,0.0014973452,0.009498289,-0.0013673526,0.006456462,0.0027074427,-0.0034405757,-0.00892223,0.0040316135,-0.0014980673,-0.0021915545,-0.00026807905,0.00038425048,0.00219198,-0.005221331,0.0017349429,0.008628921,0.002892577,-0.0032399546,0.009548105,0.00616169,0.00324031,0.0070131076,0.00092396105,-0.008322051,0.0023487909,0.0053302436,0.00660119,0.0034592059,0.00013618066,0.005568017,-0.007949146,0.00018977441,0.006316124,0.0031318918,-0.011465943,0.009367267,0.008553919,0.0071079344,0.0048552603,-0.0010123199,-0.0027904995,-0.011185999,0.0064755287
0.003212352,0.007709592,0.0032410445,-0.008335367,-0.008217133,-0.0055266167,0.0031967822,-0.0015508103,0.009835259,-0.0017089794,0.0005883145,0.009813399,-0.0023142702,0.004174718,-0.009062956,-0.008294423,0.0016973036,0.010062952,-0.010387444,-0.0010671447,-0.0033869732,0.0048910975,0.0077202767,-0.0042540133,0.008798179,-0.0022399852,0.0069232886,-0.00046279,-0.0011500316,-0.004464459,-0.00019297616,-0.0049337335,0.0017870988,-0.0058063874,-0.004297554,2.9488715e-06,-0.007826967,-0.0065268916,-0.007561527,0.0029690976,-0.0091057345,-0.001396585,-0.007302007,0.006143964,0.004934181,-0.004262857,-0.010458362,-0.009187362,-1.9225503e-05,-0.007893751
0.004237801,-0.0021392575,-0.00061269134,0.00043778634,-0.003290476,0.00056652364,-0.0011480157,0.0058462173,-0.0069373013,-0.00735193,-0.004276314,-0.004111592,0.007912265,0.0041836174,-0.009559748,-0.0028767898,0.0048670545,0.007555789,0.008952456,-0.0038191704,-0.0064215674,-0.0010842546,0.0031975238,-0.0056906077,-0.0067605,-0.0024581044,0.00863908,-7.3659045e-05,-0.0084957,-0.0037260943,-0.007833339,0.005155314,-0.0074123903,0.007949478,0.006687786,0.0029919394,-0.004931353,-0.0071419524,0.0071606585,0.009618779,-0.002887816,-0.0033035795,0.00042275662,-0.008073877,0.006197227,0.009689183,-0.011317967,-0.0006448801,0.0037998124,0.0029966775
-0.0061312746,0.0069047697,0.0005317515,0.0044290083,0.0062868926,-0.010966749,0.0042166053,0.0067641456,-0.009359134,-0.0041608536,0.010343532,0.008155617,0.0049583577,-0.008308764,0.008250304,0.009085715,0.0072713704,-0.004950795,-0.0063303043,0.006747106,0.007023138,0.006490312,0.0042132474,-0.008779332,-0.0063921623,0.0076768864,-0.0075683165,0.0061565097,0.009889138,-0.002190054,-0.0026909173,0.006289051,0.0036619597,-0.006423621,-0.0040398627,-0.009026517,-0.003786051,0.005004748,-0.0068254815,-0.009327429,0.0068696234,-0.008116473,0.0038948897,-0.008080628,-0.00788437,0.003967017,0.008685041,-0.009584434,0.0018397284,-0.008767177
0.0030328832,0.006241836,0.004968541,-0.00086883863,0.010732013,-0.011068486,0.00830073,0.006562486,-0.006188272,-0.0033104683,-0.006759465,-0.004139827,-0.0039660293,0.0038652017,0.003252928,0.007755127,-0.006421724,-0.0042642006,-0.0003818378,-0.0025643823,0.0045478744,0.003506749,-0.002154973,0.001902173,-0.008330006,0.007982526,0.0047785537,-0.0074049546,0.0061662076,0.0081317555,-0.0038042644,-0.0023818617,-0.002411338,0.0044162218,0.0041781384,0.01030634,-6.568685e-06,-0.0046048514,-0.006984429,0.010181177,-0.009820091,-0.0053385585,0.0063024336,-0.008399506,0.0031974863,0.0032458755,0.0076392344,-0.0038776945,0.0069809323,0.0054279016
-0.0071698567,-0.0017203243,-0.00264358,-0.010872387,-0.0036163025,0.0051801642,-0.0060079945,0.0117594395,0.009734306,0.00995162,-0.0061941925,-0.00070803676,0.009424423,-0.002417014,-0.006779387,-0.007187953,-0.0063901776,0.009185355,-0.0014523868,-0.0031564678,-0.0052773077,-0.0020755331,0.0074998997,-0.0040865974,-0.008717778,-0.0021506492,-0.00868281,-0.008250183,0.007246332,-0.004880456,0.0014442836,-0.005113887,-0.00015420224,0.008765633,0.0006889186,0.010082959,0.006798403,-0.008442677,-0.007688347,0.0029407407,-0.0033335302,0.00040342333,-0.0077644917,0.007020256,0.006553582,0.009476581,0.00472196,0.005461925,-0.00813672,-0.0080976775
1.860717e-05,0.00958078,0.0060958494,0.0024323026,-0.0050184666,-0.0056117005,9.802211e-05,-0.001721963,-0.0025816187,-0.0041053873,-0.0008514522,-0.008876319,0.0003106589,-0.0004708889,0.008009609,0.0061800806,-0.005793734,-0.007998489,-0.0067183413,-0.0068394872,-0.0070425025,-0.005671836,-0.0015381398,-0.0042776964,0.0007994348,-0.004773518,0.004359386,-0.008410734,0.007544488,0.006084246,0.002603972,0.0034775494,-0.0038319358,-0.0013666525,-0.002846049,0.0078039477,0.005723014,0.007866264,0.0045156013,-0.0002467573,0.008276017,-0.00053774996,-0.0067954124,0.009490901,0.005565679,-0.0042005996,-0.0037657104,0.0021111215,-0.0012674489,0.008874279
-0.0051151314,0.0020404877,0.004324108,0.0034523017,0.0025862243,-0.010297223,0.0029900472,-0.004857203,0.006008788,0.01046537,-0.0037906142,-0.0075376956,0.0034530065,-0.004420715,-0.0013690023,-0.0058893436,-0.009046491,0.009427263,-0.0017364821,0.0012965905,0.006940965,0.002376833,0.0024707832,-0.0071672457,0.0052896827,0.0062071984,-0.0076484424,0.007985455,0.0032341103,-0.0077140345,-0.006657196,0.001589494,0.0031569332,0.0025411309,0.0014412605,0.009211441,-0.001438219,0.00020418983,-0.004240038,-0.0053492426,0.0062203556,-0.0024096014,-0.008326978,-0.0024105366,0.0034356865,-0.009202907,0.0028419907,0.0026810253,-0.0062210816,-0.006798542
-0.0109589035,0.006170365,-0.0045776004,-0.0028487763,0.0028921268,-0.010494432,0.012915732,0.0042603663,-0.0040688817,0.0019073051,-0.0063374504,-0.0050851265,0.012370064,0.002718963,-0.007334042,-8.297232e-06,-0.009272851,0.007817395,-0.011098886,-0.0062614586,-0.0035718645,0.010786732,0.00014034883,0.0033290912,-0.0028613012,-0.0030256219,0.0041115875,0.0061107352,-0.006171638,0.006494019,-0.0055150446,-0.002486233,0.007404288,0.002801765,-0.00925553,0.0025579503,-0.0058939625,0.0073164897,-0.004835191,-0.006087341,0.00882717,-0.0011585976,-0.0027070795,0.0018984759,-0.0072750277,0.0046058465,-0.0091929035,-0.010092564,-0.0058607613,-0.0030503965
-0.008714122,0.0010318189,-0.005012458,-0.009065609,0.0074014952,0.0011085102,0.004880429,0.011236461,0.0019797909,0.0035676078,-0.00847177,0.0067411214,-0.007442243,-0.0019464162,0.0045789597,0.008382365,0.0004182294,0.0065241903,-0.010751341,0.008326389,-0.005435431,0.008071269,0.0050513833,0.005133158,0.009963974,-0.0043470925,-0.00043854982,-0.0021405725,-0.0036408214,-0.009795948,0.008823572,0.0023833679,-0.008371285,0.0074052038,-0.007857381,0.0008925342,0.002241436,-0.0053777625,-0.0022805997,-0.0014008657,-0.0033948207,-0.0026284766,-0.0059684874,-0.009213442,-0.0038110039,0.008130757,7.200447e-05,0.0045584827,0.0016288172,-0.0066535035
-0.00796875,-0.002595306,0.0034387736,-0.008654739,0.0053580487,-0.001370888,-0.005608587,0.008724834,0.00071968633,0.0020520843,-0.0056048753,-0.0065054726,-0.0089964755,0.009139373,0.0009582967,-0.00047610718,0.007918928,0.007381321,-0.007349235,-0.0029030147,-0.0017123802,0.004520035,-0.008590872,-0.0037627707,-0.0025346726,-0.0072958255,-0.0031401347,1.9720279e-05,0.009694086,0.0088493405,-0.0032055636,0.008854096,0.0011812133,-0.0021619392,0.0013581968,0.001806127,0.0065975673,-0.003439609,-0.0033132574,0.008478986,-0.0074145985,-0.00083001616,-0.008712502,0.0063748397,0.007922207,-0.00740735,-0.008035155,0.0030690704,0.0045333253,0.009611877
-0.004425626,-0.0014472122,-0.0009667916,-0.0038530293,-0.0057090204,0.007192928,-0.0023001223,-0.00017888815,0.007048043,-0.005412595,0.005386351,0.007235368,-0.0012729641,0.009339431,0.008268225,0.0012203405,-0.0032885585,0.0068380693,0.00797874,0.004109068,0.0018312077,-0.0065661557,-0.0010575417,0.0096204765,0.0022998261,0.005509288,0.0039315145,0.00712237,0.0071440893,0.0077117425,0.004586464,0.008881854,-0.0038340238,0.0011485993,0.0004607429,0.0072257915,-0.004587445,-0.0038410875,0.007969541,-0.0024579077,-0.0022953376,-0.0037698897,-0.0019518891,0.0073663113,-0.008910499,-0.009262592,0.0063548423,-0.0052309795,-0.0025923932,0.0058659976
